transaction_id,customer_id,timestamp,amount,merchant_id,merchant_category,country,customer_home_country,card_present,is_fraud
txn_000000,c_025,2024-01-01 01:35:11.829646237,79.63,m_034,electronics,FR,FR,True,0
txn_000001,c_015,2024-01-01 02:00:30.512879202,72.16,m_016,restaurant,GB,GB,True,0
txn_000002,c_010,2024-01-01 02:50:01.811793654,86.8,m_005,electronics,FR,FR,True,0
txn_000003,c_032,2024-01-01 03:00:21.281791763,92.48,m_033,electronics,GB,GB,True,0
txn_000004,c_020,2024-01-01 03:41:29.345062701,30.72,m_036,grocery,GB,GB,True,0
txn_000005,c_037,2024-01-01 05:16:39.106568678,60.92,m_045,fuel,GB,GB,True,0
txn_000006,c_038,2024-01-01 06:15:14.966088514,52.06,m_021,restaurant,FR,FR,True,0
txn_000007,c_004,2024-01-01 08:07:03.320796120,33.11,m_053,electronics,FR,FR,True,0
txn_000008,c_018,2024-01-01 13:50:01.061839759,69.77,m_046,gambling,GB,GB,True,0
txn_000009,c_021,2024-01-01 14:16:22.029232060,13.03,m_044,gambling,IE,IE,True,0
txn_000010,c_009,2024-01-01 18:29:13.497455435,57.68,m_037,electronics,GB,GB,True,0
txn_000011,c_034,2024-01-01 18:46:46.905890188,56.93,m_033,travel,GB,GB,True,0
txn_000012,c_022,2024-01-01 21:09:32.738026555,33.96,m_029,grocery,GB,GB,True,0
txn_000013,c_038,2024-01-01 21:16:49.030166277,9.08,m_027,grocery,FR,FR,True,0
txn_000014,c_028,2024-01-01 21:35:59.106442238,52.82,m_041,travel,IE,IE,True,0
txn_000015,c_001,2024-01-01 21:49:21.637079995,99.58,m_011,grocery,GB,GB,False,0
txn_000016,c_030,2024-01-02 02:14:26.593073048,20.41,m_031,fuel,GB,GB,True,0
txn_000017,c_022,2024-01-02 02:19:58.715833609,64.21,m_056,travel,GB,GB,True,0
txn_000018,c_032,2024-01-02 03:49:08.125244699,43.87,m_000,grocery,GB,GB,False,0
txn_000019,c_001,2024-01-02 03:56:24.373858350,62.26,m_058,electronics,GB,GB,True,0
txn_000020,c_021,2024-01-02 06:12:20.064792845,52.48,m_053,grocery,IE,IE,True,0
txn_000021,c_025,2024-01-02 06:54:55.054048104,78.73,m_011,restaurant,FR,FR,True,0
txn_000022,c_031,2024-01-02 06:59:09.649471044,39.32,m_017,gambling,IE,IE,True,0
txn_000023,c_005,2024-01-02 07:28:43.072403686,139.92,m_002,restaurant,RO,GB,False,0
txn_000024,c_018,2024-01-02 07:56:30.285109830,36.35,m_050,travel,GB,GB,True,0
txn_000025,c_023,2024-01-02 08:06:18.973537345,17.93,m_004,travel,GB,GB,True,0
txn_000026,c_020,2024-01-02 08:27:40.882968249,12.28,m_029,restaurant,GB,GB,True,0
txn_000027,c_031,2024-01-02 10:58:42.793213840,14.05,m_034,travel,IE,IE,True,0
txn_000028,c_017,2024-01-02 11:11:56.991724739,59.82,m_003,electronics,IE,IE,True,0
txn_000029,c_027,2024-01-02 13:38:04.561909979,62.4,m_051,fuel,FR,FR,True,0
txn_000030,c_036,2024-01-02 15:26:48.433055504,9.11,m_051,restaurant,GB,GB,True,0
txn_000031,c_001,2024-01-02 16:50:22.713939812,47.96,m_050,gambling,RO,GB,True,0
txn_000032,c_027,2024-01-02 17:15:52.551380810,18.39,m_055,fuel,FR,FR,True,0
txn_000033,c_019,2024-01-02 17:18:59.346731305,267.71,m_056,travel,GB,GB,True,0
txn_000034,c_029,2024-01-02 22:21:16.993730250,29.91,m_029,restaurant,GB,GB,True,0
txn_000035,c_023,2024-01-02 23:23:55.181242160,18.42,m_029,grocery,GB,GB,True,0
txn_000036,c_016,2024-01-03 00:32:22.797185928,135.26,m_043,fuel,GB,GB,False,0
txn_000037,c_005,2024-01-03 02:09:31.456897767,131.2,m_027,travel,GB,GB,True,0
txn_000038,c_007,2024-01-03 02:25:41.505380002,17.86,m_055,fuel,GB,GB,False,0
txn_000039,c_005,2024-01-03 03:28:10.159238780,61.85,m_024,travel,GB,GB,True,0
txn_000040,c_024,2024-01-03 04:17:59.998557887,69.49,m_039,fuel,FR,FR,True,0
txn_000041,c_007,2024-01-03 04:24:44.355012021,44.92,m_053,restaurant,GB,GB,True,0
txn_000042,c_006,2024-01-03 05:35:28.655516905,19.89,m_053,fuel,GB,GB,True,0
txn_000043,c_024,2024-01-03 08:07:09.051200489,28.45,m_032,fuel,FR,FR,True,0
txn_000044,c_017,2024-01-03 08:58:15.450006461,8.95,m_010,restaurant,IE,IE,True,0
txn_000045,c_038,2024-01-03 09:12:25.135955777,39.4,m_030,gambling,FR,FR,True,0
txn_000046,c_019,2024-01-03 09:37:55.087791973,121.4,m_014,fuel,GB,GB,True,0
txn_000047,c_025,2024-01-03 11:47:08.137357643,102.01,m_031,gambling,FR,FR,True,0
txn_000048,c_038,2024-01-03 12:37:38.163812485,34.72,m_012,fuel,FR,FR,True,0
txn_000049,c_008,2024-01-03 12:47:14.356474660,5.42,m_017,grocery,GB,GB,True,0
txn_000050,c_033,2024-01-03 13:39:17.298415246,83.06,m_009,gambling,GB,GB,True,0
txn_000051,c_003,2024-01-03 15:17:42.245158087,60.21,m_030,grocery,GB,GB,True,0
txn_000052,c_025,2024-01-03 15:23:12.839500160,25.22,m_001,travel,FR,FR,True,0
txn_000053,c_039,2024-01-03 15:28:32.152061415,81.81,m_023,travel,GB,GB,True,0
txn_000054,c_022,2024-01-03 16:47:42.622200188,8.83,m_023,fuel,GB,GB,True,0
txn_000055,c_038,2024-01-03 16:56:22.082965340,15.61,m_016,gambling,FR,FR,True,0
txn_000056,c_022,2024-01-03 16:57:11.681235749,90.29,m_028,restaurant,GB,GB,True,0
txn_000057,c_015,2024-01-03 17:03:00.854320100,72.89,m_033,grocery,GB,GB,True,0
txn_000058,c_004,2024-01-03 18:20:33.069953734,3.51,m_021,restaurant,FR,FR,True,0
txn_000059,c_015,2024-01-03 18:30:26.392259227,103.5,m_009,travel,GB,GB,True,0
txn_000060,c_031,2024-01-03 22:52:58.036697196,26.89,m_055,grocery,IE,IE,True,0
txn_000061,c_022,2024-01-04 01:26:07.865674044,30.47,m_012,grocery,GB,GB,True,0
txn_000062,c_029,2024-01-04 01:31:55.297638425,63.84,m_041,restaurant,GB,GB,True,0
txn_000063,c_011,2024-01-04 02:48:53.745686953,38.43,m_019,restaurant,GB,GB,True,0
txn_000064,c_039,2024-01-04 03:34:29.206655754,505.33,m_013,restaurant,RO,GB,True,1
txn_000065,c_036,2024-01-04 06:39:13.842416665,16.53,m_003,gambling,GB,GB,True,0
txn_000066,c_023,2024-01-04 09:12:37.837760414,134.14,m_026,electronics,GB,GB,True,0
txn_000067,c_028,2024-01-04 10:27:25.416437868,156.45,m_009,grocery,BR,IE,True,0
txn_000068,c_019,2024-01-04 11:59:45.502422461,52.23,m_043,fuel,GB,GB,True,0
txn_000069,c_030,2024-01-04 12:04:56.965824120,29.57,m_011,electronics,GB,GB,True,0
txn_000070,c_035,2024-01-04 13:01:56.334234771,30.07,m_034,electronics,GB,GB,True,0
txn_000071,c_002,2024-01-04 13:24:20.458354862,90.24,m_050,grocery,IE,IE,True,0
txn_000072,c_002,2024-01-04 21:59:19.272140238,78.42,m_045,fuel,IE,IE,True,0
txn_000073,c_032,2024-01-04 22:09:37.379636641,75.05,m_032,gambling,GB,GB,False,0
txn_000074,c_035,2024-01-04 23:49:17.085321940,119.4,m_004,fuel,GB,GB,True,0
txn_000075,c_002,2024-01-05 01:45:21.671393007,16.44,m_001,restaurant,IE,IE,True,0
txn_000083,c_033,2024-01-05 03:00:00.000000000,106.01,m_042,fuel,RU,GB,False,1
txn_000076,c_034,2024-01-05 03:55:41.721465949,92.91,m_003,grocery,GB,GB,False,0
txn_000077,c_000,2024-01-05 04:18:39.787239243,99.69,m_013,grocery,IE,IE,True,0
txn_000078,c_010,2024-01-05 04:21:44.215115017,124.29,m_050,fuel,FR,FR,True,0
txn_000079,c_005,2024-01-05 06:00:10.213411968,138.79,m_016,restaurant,GB,GB,True,0
txn_000080,c_023,2024-01-05 07:14:54.236390557,49.74,m_033,gambling,GB,GB,True,0
txn_000081,c_033,2024-01-05 08:24:29.885850572,100.17,m_023,fuel,GB,GB,True,0
txn_000082,c_009,2024-01-05 08:54:58.002235158,33.91,m_022,electronics,GB,GB,True,0
txn_000084,c_022,2024-01-05 10:35:50.200267121,61.05,m_009,electronics,GB,GB,True,0
txn_000085,c_005,2024-01-05 10:35:57.958254663,212.26,m_029,travel,GB,GB,True,0
txn_000086,c_004,2024-01-05 13:35:31.712388267,21.17,m_010,electronics,FR,FR,True,0
txn_000087,c_001,2024-01-05 13:40:17.318876309,42.19,m_020,electronics,GB,GB,True,0
txn_000088,c_025,2024-01-05 14:39:29.108996748,87.2,m_050,restaurant,FR,FR,True,0
txn_000089,c_024,2024-01-05 16:12:26.900590016,27.22,m_053,travel,FR,FR,True,0
txn_000090,c_013,2024-01-05 17:05:47.469414658,61.04,m_028,grocery,GB,GB,True,0
txn_000091,c_014,2024-01-05 19:12:02.595219111,71.41,m_017,gambling,IE,IE,True,0
txn_000092,c_033,2024-01-05 19:56:43.195908017,18.38,m_026,travel,GB,GB,False,0
txn_000093,c_002,2024-01-05 20:41:04.810632341,43.7,m_011,grocery,IE,IE,True,0
txn_000094,c_030,2024-01-05 22:24:32.747529682,98.64,m_051,travel,GB,GB,True,0
txn_000095,c_020,2024-01-05 23:41:09.022224210,48.63,m_042,gambling,GB,GB,True,0
txn_000096,c_011,2024-01-06 00:07:44.084033702,64.94,m_009,restaurant,GB,GB,True,0
txn_000097,c_030,2024-01-06 02:41:28.441028061,106.56,m_048,travel,GB,GB,True,0
txn_000106,c_036,2024-01-06 04:00:00.000000000,550.12,m_012,travel,US,GB,False,1
txn_000098,c_037,2024-01-06 04:05:02.570698609,52.79,m_000,electronics,GB,GB,True,0
txn_000099,c_001,2024-01-06 04:44:16.311338625,99.47,m_024,grocery,GB,GB,True,0
txn_000100,c_018,2024-01-06 05:13:17.913904318,14.09,m_059,fuel,GB,GB,True,0
txn_000101,c_031,2024-01-06 05:41:59.062586008,8.74,m_006,gambling,IE,IE,True,0
txn_000102,c_014,2024-01-06 07:00:17.849436888,208.01,m_036,gambling,IE,IE,True,0
txn_000103,c_021,2024-01-06 07:03:24.514481399,29.93,m_037,fuel,IE,IE,True,0
txn_000104,c_013,2024-01-06 07:04:59.889959827,4.83,m_028,gambling,GB,GB,False,0
txn_000105,c_029,2024-01-06 10:13:45.154525496,49.82,m_007,grocery,GB,GB,False,0
txn_000107,c_006,2024-01-06 16:56:17.094708479,7.9,m_007,gambling,GB,GB,True,0
txn_000108,c_001,2024-01-06 17:18:05.366994503,73.69,m_039,gambling,NG,GB,True,0
txn_000109,c_026,2024-01-06 19:51:52.507745984,7.67,m_035,restaurant,GB,GB,True,0
txn_000110,c_023,2024-01-06 19:54:26.547420644,82.58,m_059,electronics,GB,GB,True,0
txn_000111,c_012,2024-01-06 20:36:00.854364851,237.34,m_048,fuel,GB,GB,False,0
txn_000112,c_011,2024-01-06 21:57:23.266838678,9.86,m_032,restaurant,GB,GB,True,0
txn_000113,c_023,2024-01-06 22:44:30.864463473,129.82,m_053,travel,GB,GB,False,0
txn_000114,c_037,2024-01-07 00:29:18.990062273,11.97,m_054,gambling,GB,GB,False,0
txn_000115,c_020,2024-01-07 00:44:27.957177293,185.3,m_052,grocery,GB,GB,True,0
txn_000116,c_028,2024-01-07 01:29:50.195263549,219.78,m_010,gambling,IE,IE,True,0
txn_000117,c_028,2024-01-07 04:50:45.220473045,12.81,m_041,gambling,IE,IE,False,0
txn_000118,c_025,2024-01-07 05:22:25.242385720,37.99,m_035,travel,FR,FR,False,0
txn_000119,c_028,2024-01-07 10:36:13.712115917,195.29,m_028,restaurant,IE,IE,True,0
txn_000120,c_012,2024-01-07 13:01:55.510533894,167.95,m_030,electronics,GB,GB,True,0
txn_000121,c_006,2024-01-07 13:07:45.918873836,11.24,m_021,travel,GB,GB,True,0
txn_000122,c_036,2024-01-07 13:26:31.316241881,25.83,m_043,restaurant,GB,GB,True,0
txn_000123,c_028,2024-01-07 14:48:47.390199912,61.44,m_028,gambling,IE,IE,True,0
txn_000124,c_033,2024-01-07 15:29:50.379221187,129.48,m_005,restaurant,GB,GB,True,0
txn_000125,c_037,2024-01-07 16:05:53.274515614,73.42,m_018,fuel,GB,GB,True,0
txn_000126,c_032,2024-01-07 17:44:29.872139853,40.06,m_040,restaurant,GB,GB,False,0
txn_000127,c_013,2024-01-07 18:02:09.528912335,130.78,m_016,gambling,GB,GB,True,0
txn_000128,c_023,2024-01-07 18:18:28.622968163,99.18,m_051,fuel,GB,GB,True,0
txn_000129,c_016,2024-01-07 19:36:47.764756620,255.09,m_032,fuel,GB,GB,False,0
txn_000130,c_034,2024-01-07 20:45:40.182174462,31.2,m_021,electronics,GB,GB,True,0
txn_000131,c_020,2024-01-07 20:55:49.055997394,81.69,m_039,electronics,GB,GB,True,0
txn_000132,c_033,2024-01-07 22:47:43.207768204,236.81,m_002,electronics,GB,GB,True,0
txn_000133,c_039,2024-01-08 00:18:48.271354957,34.5,m_001,restaurant,GB,GB,False,0
txn_000134,c_039,2024-01-08 00:19:36.180821361,65.18,m_040,gambling,GB,GB,True,0
txn_000135,c_000,2024-01-08 01:10:04.842017108,26.05,m_008,grocery,IE,IE,True,0
txn_000136,c_013,2024-01-08 01:26:16.346945939,17.06,m_045,restaurant,GB,GB,True,0
txn_000137,c_017,2024-01-08 01:39:09.622624030,150.46,m_055,travel,IE,IE,True,0
txn_000138,c_017,2024-01-08 04:06:14.069970382,32.37,m_014,travel,IE,IE,True,0
txn_000139,c_026,2024-01-08 05:32:32.266409216,40.68,m_038,gambling,GB,GB,True,0
txn_000140,c_019,2024-01-08 06:10:46.262257987,144.5,m_045,restaurant,GB,GB,True,0
txn_000141,c_024,2024-01-08 08:09:02.238853023,37.54,m_035,grocery,FR,FR,True,0
txn_000142,c_027,2024-01-08 08:35:16.648278111,57.5,m_034,gambling,FR,FR,True,0
txn_000143,c_006,2024-01-08 09:52:08.757126778,14.94,m_057,electronics,GB,GB,True,0
txn_000144,c_004,2024-01-08 11:12:58.432410513,31.23,m_031,grocery,FR,FR,True,0
txn_000145,c_009,2024-01-08 11:28:59.731391027,78.89,m_050,electronics,GB,GB,True,0
txn_000146,c_017,2024-01-08 11:39:49.331675073,123.61,m_024,electronics,IE,IE,True,0
txn_000147,c_007,2024-01-08 12:10:59.304372314,8.73,m_022,fuel,GB,GB,True,0
txn_000148,c_030,2024-01-08 14:37:34.269841654,116.28,m_010,electronics,GB,GB,True,0
txn_000149,c_005,2024-01-08 14:49:34.878502064,56.62,m_047,gambling,GB,GB,True,0
txn_000150,c_031,2024-01-08 15:34:30.677323003,11.89,m_025,restaurant,IE,IE,True,0
txn_000151,c_010,2024-01-08 15:48:22.378404955,91.36,m_017,electronics,FR,FR,True,0
txn_000152,c_023,2024-01-08 16:18:48.816322342,95.55,m_006,grocery,GB,GB,False,0
txn_000153,c_004,2024-01-08 16:31:56.161503013,16.76,m_055,gambling,FR,FR,False,0
txn_000154,c_005,2024-01-08 17:12:50.296292257,65.59,m_009,restaurant,GB,GB,True,0
txn_000155,c_018,2024-01-08 18:31:45.918407375,38.21,m_018,gambling,GB,GB,True,0
txn_000156,c_008,2024-01-08 19:03:33.222351888,5.37,m_015,restaurant,GB,GB,True,0
txn_000157,c_002,2024-01-08 19:24:02.420237228,111.61,m_015,restaurant,IE,IE,True,0
txn_000158,c_002,2024-01-08 22:31:20.434853505,26.93,m_023,electronics,IE,IE,True,0
txn_000159,c_003,2024-01-08 22:55:47.730553243,74.33,m_004,fuel,GB,GB,True,0
txn_000160,c_014,2024-01-09 00:16:06.121848232,97.84,m_057,travel,IE,IE,True,0
txn_000161,c_012,2024-01-09 02:49:38.638166190,240.4,m_008,electronics,GB,GB,True,0
txn_000162,c_008,2024-01-09 03:00:19.885062295,38.75,m_046,electronics,GB,GB,True,0
txn_000163,c_025,2024-01-09 05:09:00.564527364,34.16,m_004,travel,FR,FR,True,0
txn_000164,c_036,2024-01-09 05:21:22.868728575,43.03,m_035,travel,GB,GB,False,0
txn_000165,c_019,2024-01-09 06:26:55.025542078,182.71,m_048,restaurant,GB,GB,True,0
txn_000166,c_026,2024-01-09 06:35:55.399165884,16.16,m_021,fuel,GB,GB,True,0
txn_000167,c_030,2024-01-09 06:52:18.533912006,23.49,m_033,grocery,GB,GB,True,0
txn_000168,c_005,2024-01-09 08:11:17.138836329,50.14,m_027,fuel,GB,GB,True,0
txn_000169,c_019,2024-01-09 08:49:54.813419818,90.91,m_052,fuel,GB,GB,True,0
txn_000170,c_008,2024-01-09 08:58:15.908585899,3.13,m_023,travel,GB,GB,True,0
txn_000171,c_011,2024-01-09 10:07:53.929869219,49.14,m_034,travel,GB,GB,True,0
txn_000172,c_004,2024-01-09 10:12:34.304744194,60.38,m_024,restaurant,FR,FR,True,0
txn_000173,c_014,2024-01-09 10:24:12.735421253,103.75,m_030,electronics,IE,IE,True,0
txn_000174,c_032,2024-01-09 10:25:29.332001612,115.26,m_029,grocery,GB,GB,True,0
txn_000175,c_018,2024-01-09 10:37:10.450952495,15.02,m_033,restaurant,GB,GB,True,0
txn_000176,c_038,2024-01-09 11:10:56.322212279,6.12,m_045,restaurant,FR,FR,True,0
txn_000177,c_035,2024-01-09 11:23:27.008856513,51.06,m_022,travel,GB,GB,True,0
txn_000178,c_034,2024-01-09 11:55:40.810568085,55.75,m_017,fuel,GB,GB,False,0
txn_000179,c_034,2024-01-09 13:44:31.652488038,19.09,m_056,gambling,GB,GB,True,0
txn_000180,c_037,2024-01-09 15:40:47.569491355,54.09,m_021,electronics,GB,GB,True,0
txn_000181,c_026,2024-01-09 15:42:08.058217102,9.55,m_057,restaurant,GB,GB,True,0
txn_000182,c_000,2024-01-09 15:58:39.025428945,139.3,m_046,grocery,IE,IE,True,0
txn_000183,c_020,2024-01-09 16:25:35.404819099,82.79,m_003,restaurant,GB,GB,True,0
txn_000184,c_034,2024-01-09 16:41:54.173937026,75.07,m_032,travel,GB,GB,True,0
txn_000185,c_010,2024-01-09 20:33:00.817320549,47.13,m_047,travel,FR,FR,True,0
txn_000186,c_038,2024-01-09 20:38:22.440754430,11.66,m_052,restaurant,FR,FR,True,0
txn_000190,c_032,2024-01-10 00:00:00.000000000,1184.01,m_016,gambling,RO,GB,False,1
txn_000187,c_038,2024-01-10 00:39:07.039159619,20.14,m_029,electronics,FR,FR,True,0
txn_000188,c_000,2024-01-10 02:01:24.546462414,53.72,m_045,travel,IE,IE,True,0
txn_000189,c_027,2024-01-10 04:23:47.551633413,1.8,m_058,electronics,FR,FR,True,0
txn_000191,c_008,2024-01-10 08:04:12.041423942,25.77,m_025,fuel,GB,GB,True,0
txn_000192,c_016,2024-01-10 09:01:18.875761776,126.91,m_036,gambling,GB,GB,True,0
txn_000193,c_024,2024-01-10 11:29:39.093152400,7.68,m_000,fuel,FR,FR,True,0
txn_000194,c_038,2024-01-10 11:37:42.805004577,31.91,m_026,gambling,FR,FR,True,0
txn_000195,c_038,2024-01-10 12:30:56.016134353,103.48,m_011,grocery,FR,FR,True,0
txn_000196,c_039,2024-01-10 13:54:15.412945972,7.33,m_057,travel,GB,GB,True,0
txn_000197,c_015,2024-01-10 15:03:14.621902479,82.03,m_007,fuel,GB,GB,True,0
txn_000198,c_006,2024-01-10 16:14:08.713067730,32.62,m_015,grocery,GB,GB,True,0
txn_000199,c_025,2024-01-10 21:13:00.317405530,37.12,m_017,grocery,FR,FR,True,0
txn_000200,c_005,2024-01-10 21:39:37.879563569,32.48,m_004,gambling,GB,GB,True,0
txn_000201,c_021,2024-01-10 21:45:16.294287362,127.09,m_038,fuel,IE,IE,True,0
txn_000202,c_034,2024-01-10 22:05:10.115854831,186.63,m_059,restaurant,GB,GB,True,0
txn_000203,c_030,2024-01-10 22:09:38.660956497,51.75,m_053,grocery,GB,GB,True,0
txn_000204,c_032,2024-01-11 00:02:27.459171950,42.18,m_017,fuel,GB,GB,True,0
txn_000205,c_016,2024-01-11 02:32:08.175528352,46.07,m_014,gambling,GB,GB,False,0
txn_000206,c_014,2024-01-11 02:58:17.974095135,137.84,m_010,electronics,IE,IE,True,0
txn_000207,c_029,2024-01-11 03:56:27.635496204,66.18,m_011,fuel,RU,GB,True,0
txn_000208,c_020,2024-01-11 04:50:03.463552301,107.65,m_054,travel,GB,GB,True,0
txn_000209,c_004,2024-01-11 07:10:41.747153892,44.17,m_043,travel,FR,FR,True,0
txn_000210,c_029,2024-01-11 08:19:35.443641354,26.4,m_000,fuel,GB,GB,True,0
txn_000211,c_027,2024-01-11 08:20:22.223384490,30.01,m_034,restaurant,FR,FR,True,0
txn_000212,c_037,2024-01-11 08:31:39.952417618,17.53,m_029,fuel,GB,GB,True,0
txn_000213,c_003,2024-01-11 09:56:12.459244371,122.44,m_002,restaurant,GB,GB,True,0
txn_000214,c_001,2024-01-11 10:12:56.402622037,115.72,m_015,gambling,GB,GB,True,0
txn_000215,c_002,2024-01-11 10:15:09.234903295,31.37,m_010,travel,IE,IE,False,0
txn_000216,c_010,2024-01-11 11:15:42.046589567,28.33,m_053,grocery,FR,FR,True,0
txn_000217,c_006,2024-01-11 11:49:59.966577246,8.48,m_021,restaurant,GB,GB,False,0
txn_000218,c_036,2024-01-11 12:32:31.802597321,13.97,m_020,grocery,GB,GB,True,0
txn_000219,c_024,2024-01-11 13:37:40.870860943,28.94,m_009,grocery,FR,FR,True,0
txn_000220,c_033,2024-01-11 13:44:28.387120348,19.17,m_055,travel,GB,GB,True,0
txn_000221,c_012,2024-01-11 14:07:09.604939815,123.16,m_035,grocery,GB,GB,True,0
txn_000222,c_032,2024-01-11 14:25:09.766952185,17.24,m_057,grocery,GB,GB,True,0
txn_000223,c_003,2024-01-11 14:41:26.808970037,132.14,m_019,fuel,GB,GB,False,0
txn_000224,c_026,2024-01-11 16:37:42.231204116,16.38,m_031,fuel,GB,GB,True,0
txn_000225,c_025,2024-01-11 19:01:17.289968538,47.64,m_003,fuel,FR,FR,True,0
txn_000226,c_026,2024-01-11 19:11:15.823106565,19.89,m_034,fuel,GB,GB,True,0
txn_000227,c_004,2024-01-11 21:04:51.324236293,18.78,m_009,fuel,FR,FR,True,0
txn_000228,c_024,2024-01-11 21:15:37.820729223,115.03,m_006,restaurant,FR,FR,True,0
txn_000229,c_003,2024-01-11 21:57:34.583461832,158.09,m_029,grocery,GB,GB,False,0
txn_000230,c_005,2024-01-12 05:54:55.289985609,118.7,m_045,electronics,GB,GB,True,0
txn_000231,c_011,2024-01-12 06:28:13.128518738,45.86,m_037,electronics,GB,GB,True,0
txn_000232,c_000,2024-01-12 06:47:29.840232157,64.79,m_036,travel,IE,IE,True,0
txn_000233,c_036,2024-01-12 07:13:53.129597811,4.82,m_039,gambling,GB,GB,True,0
txn_000234,c_022,2024-01-12 09:17:48.622148229,93.58,m_047,restaurant,GB,GB,True,0
txn_000235,c_034,2024-01-12 12:08:15.107361596,92.65,m_002,fuel,GB,GB,True,0
txn_000236,c_013,2024-01-12 12:39:39.463469950,11.21,m_050,fuel,GB,GB,True,0
txn_000237,c_025,2024-01-12 14:07:39.094117564,43.34,m_005,fuel,FR,FR,True,0
txn_000238,c_029,2024-01-12 14:47:31.767171528,36.29,m_040,restaurant,GB,GB,False,0
txn_000239,c_003,2024-01-12 14:49:36.715620968,22.53,m_033,gambling,GB,GB,True,0
txn_000240,c_015,2024-01-12 15:04:24.602544439,66.58,m_047,restaurant,GB,GB,True,0
txn_000241,c_001,2024-01-12 15:51:59.737629855,74.76,m_005,fuel,GB,GB,True,0
txn_000242,c_001,2024-01-12 16:35:51.733983631,309.56,m_022,restaurant,GB,GB,True,0
txn_000243,c_019,2024-01-12 16:49:44.770740635,57.91,m_038,restaurant,GB,GB,False,0
txn_000244,c_030,2024-01-12 16:54:22.651350069,84.44,m_012,gambling,GB,GB,True,0
txn_000245,c_020,2024-01-12 17:24:37.982350886,71.9,m_047,restaurant,GB,GB,True,0
txn_000246,c_022,2024-01-12 17:57:47.773131791,53.14,m_025,fuel,GB,GB,True,0
txn_000247,c_002,2024-01-12 19:06:48.554789284,47.86,m_056,restaurant,IE,IE,True,0
txn_000248,c_017,2024-01-12 19:35:49.343744152,56.87,m_037,gambling,IE,IE,True,0
txn_000249,c_019,2024-01-12 22:06:00.238230670,87.9,m_000,gambling,GB,GB,True,0
txn_000250,c_012,2024-01-12 23:03:14.893427158,183.34,m_007,travel,GB,GB,True,0
txn_000251,c_007,2024-01-12 23:27:46.737156767,12.28,m_019,travel,GB,GB,True,0
txn_000252,c_008,2024-01-12 23:30:20.703289098,13.34,m_002,gambling,GB,GB,True,0
txn_000253,c_028,2024-01-13 00:58:19.200340734,91.47,m_019,grocery,IE,IE,True,0
txn_000254,c_000,2024-01-13 01:48:44.282836063,90.42,m_030,grocery,IE,IE,True,0
txn_000255,c_002,2024-01-13 02:05:19.885946785,58.0,m_004,restaurant,IE,IE,True,0
txn_000256,c_009,2024-01-13 02:18:08.710904540,22.13,m_000,restaurant,GB,GB,True,0
txn_000257,c_021,2024-01-13 03:51:34.360796750,96.78,m_033,fuel,NG,IE,True,0
txn_000258,c_031,2024-01-13 04:20:41.283131933,45.32,m_052,restaurant,IE,IE,False,0
txn_000259,c_032,2024-01-13 06:44:28.040913278,19.43,m_039,gambling,GB,GB,True,0
txn_000260,c_023,2024-01-13 15:16:55.665454919,15.66,m_051,gambling,GB,GB,False,0
txn_000261,c_025,2024-01-13 16:11:39.912175668,65.62,m_018,grocery,FR,FR,True,0
txn_000262,c_021,2024-01-13 16:17:13.343348599,73.4,m_047,grocery,IE,IE,True,0
txn_000263,c_025,2024-01-13 16:34:37.363755616,77.45,m_002,restaurant,FR,FR,True,0
txn_000264,c_028,2024-01-13 16:53:56.535946320,164.82,m_049,restaurant,IE,IE,True,0
txn_000265,c_023,2024-01-13 18:21:34.473051429,33.4,m_040,travel,GB,GB,False,0
txn_000266,c_038,2024-01-13 20:15:35.059758282,54.85,m_049,grocery,FR,FR,True,0
txn_000267,c_030,2024-01-13 20:54:06.393866825,84.91,m_010,gambling,GB,GB,True,0
txn_000268,c_021,2024-01-13 21:02:52.852580583,48.04,m_031,fuel,IE,IE,False,0
txn_000269,c_029,2024-01-13 21:28:33.157273442,66.23,m_024,grocery,GB,GB,True,0
txn_000270,c_028,2024-01-13 21:45:14.915624293,120.82,m_034,grocery,IE,IE,True,0
txn_000271,c_002,2024-01-13 22:41:35.975470094,29.2,m_042,gambling,IE,IE,True,0
txn_000272,c_020,2024-01-13 22:48:03.480836758,17.56,m_004,electronics,GB,GB,True,0
txn_000273,c_035,2024-01-14 00:15:43.480447737,44.53,m_047,fuel,GB,GB,True,0
txn_000274,c_025,2024-01-14 00:20:38.140609552,67.78,m_028,electronics,RO,FR,True,0
txn_000275,c_035,2024-01-14 01:31:15.494990543,135.87,m_015,grocery,GB,GB,False,0
txn_000276,c_029,2024-01-14 02:40:21.430869768,9.54,m_035,restaurant,GB,GB,False,0
txn_000277,c_023,2024-01-14 03:45:10.961619738,7.83,m_047,grocery,GB,GB,True,0
txn_000278,c_019,2024-01-14 03:51:31.563521404,104.77,m_010,gambling,GB,GB,True,0
txn_000279,c_039,2024-01-14 04:16:07.916099521,38.27,m_000,fuel,GB,GB,True,0
txn_000280,c_022,2024-01-14 04:18:20.287638686,22.44,m_052,electronics,GB,GB,False,0
txn_000281,c_006,2024-01-14 05:28:42.534281806,17.99,m_018,restaurant,GB,GB,True,0
txn_000282,c_006,2024-01-14 05:30:51.041478527,8.98,m_052,restaurant,GB,GB,True,0
txn_000283,c_014,2024-01-14 06:11:00.989840074,58.17,m_058,grocery,IE,IE,True,0
txn_000284,c_021,2024-01-14 10:12:43.534278845,79.36,m_039,fuel,IE,IE,True,0
txn_000285,c_014,2024-01-14 10:27:42.026767555,122.8,m_046,electronics,IE,IE,True,0
txn_000286,c_025,2024-01-14 11:24:14.654237019,61.31,m_009,gambling,FR,FR,False,0
txn_000287,c_003,2024-01-14 15:16:08.010142862,99.61,m_015,gambling,GB,GB,True,0
txn_000288,c_021,2024-01-14 15:17:25.322420227,31.28,m_008,gambling,IE,IE,True,0
txn_000289,c_020,2024-01-14 15:36:55.555681262,45.87,m_014,gambling,GB,GB,True,0
txn_000290,c_034,2024-01-14 16:58:30.590507173,153.37,m_002,gambling,GB,GB,True,0
txn_000291,c_018,2024-01-14 17:48:30.916323760,21.2,m_037,grocery,GB,GB,True,0
txn_000292,c_015,2024-01-14 17:50:13.277604028,71.78,m_006,electronics,GB,GB,True,0
txn_000293,c_010,2024-01-14 19:58:31.463857180,36.07,m_023,grocery,FR,FR,True,0
txn_000294,c_003,2024-01-14 20:05:07.335973395,173.89,m_059,grocery,GB,GB,True,0
txn_000295,c_037,2024-01-14 20:59:37.089809147,13.23,m_015,gambling,GB,GB,True,0
txn_000296,c_028,2024-01-14 22:03:57.593943105,67.75,m_047,restaurant,IE,IE,True,0
txn_000297,c_032,2024-01-14 22:43:14.031180292,68.12,m_030,fuel,GB,GB,True,0
txn_000298,c_013,2024-01-14 22:43:14.208106660,52.79,m_040,travel,GB,GB,False,0
txn_000299,c_030,2024-01-14 23:27:47.517156379,120.65,m_009,restaurant,GB,GB,True,0
txn_000300,c_022,2024-01-15 03:40:09.370062506,29.59,m_009,electronics,GB,GB,True,0
txn_000301,c_005,2024-01-15 07:08:40.394880905,38.07,m_025,fuel,GB,GB,True,0
txn_000302,c_031,2024-01-15 07:12:17.208466627,42.51,m_023,grocery,IE,IE,True,0
txn_000303,c_022,2024-01-15 09:23:50.951110876,129.22,m_032,grocery,GB,GB,True,0
txn_000304,c_037,2024-01-15 09:37:57.112294055,68.6,m_023,grocery,GB,GB,True,0
txn_000305,c_001,2024-01-15 10:08:52.788557888,56.17,m_048,restaurant,RU,GB,True,0
txn_000306,c_027,2024-01-15 10:16:27.013180178,113.65,m_033,travel,FR,FR,True,0
txn_000307,c_031,2024-01-15 13:20:58.496218384,26.65,m_054,electronics,IE,IE,True,0
txn_000308,c_013,2024-01-15 17:17:19.857208272,32.97,m_049,restaurant,GB,GB,True,0
txn_000309,c_001,2024-01-15 18:55:04.026748395,294.24,m_021,grocery,GB,GB,True,0
txn_000310,c_028,2024-01-15 19:13:26.821360906,69.0,m_015,travel,IE,IE,True,0
txn_000311,c_027,2024-01-15 22:01:04.673377661,19.17,m_015,grocery,FR,FR,True,0
txn_000312,c_002,2024-01-15 23:46:23.952064246,536.03,m_014,restaurant,IE,IE,False,1
txn_000313,c_010,2024-01-16 04:00:00.835417687,130.57,m_051,electronics,FR,FR,True,0
txn_000314,c_001,2024-01-16 07:05:14.210185500,59.7,m_003,gambling,GB,GB,True,0
txn_000315,c_022,2024-01-16 07:49:05.882638486,25.37,m_023,grocery,GB,GB,True,0
txn_000316,c_015,2024-01-16 08:47:37.223711932,1.34,m_058,electronics,GB,GB,True,0
txn_000317,c_001,2024-01-16 10:39:27.285220217,154.38,m_048,restaurant,GB,GB,True,0
txn_000318,c_013,2024-01-16 11:57:59.507836877,56.29,m_024,restaurant,GB,GB,True,0
txn_000319,c_010,2024-01-16 12:00:37.279868699,6.7,m_000,travel,FR,FR,True,0
txn_000320,c_032,2024-01-16 12:42:25.400100661,97.46,m_004,grocery,GB,GB,True,0
txn_000321,c_007,2024-01-16 13:15:52.287660645,14.72,m_005,restaurant,GB,GB,True,0
txn_000322,c_008,2024-01-16 13:49:13.813550754,10.21,m_039,grocery,GB,GB,True,0
txn_000323,c_030,2024-01-16 15:05:38.308331519,29.03,m_058,travel,GB,GB,False,0
txn_000324,c_038,2024-01-16 15:23:54.166551633,32.28,m_024,gambling,FR,FR,False,0
txn_000325,c_026,2024-01-16 16:09:24.614332437,11.21,m_017,restaurant,GB,GB,True,0
txn_000326,c_038,2024-01-16 17:02:30.328495753,62.91,m_039,travel,FR,FR,True,0
txn_000327,c_039,2024-01-16 17:52:49.546709650,46.97,m_028,grocery,GB,GB,True,0
txn_000328,c_035,2024-01-16 18:03:35.032931528,74.54,m_018,travel,GB,GB,False,0
txn_000329,c_007,2024-01-16 19:51:46.214570341,38.68,m_012,electronics,GB,GB,True,0
txn_000330,c_005,2024-01-16 20:15:25.435132795,49.44,m_001,gambling,GB,GB,True,0
txn_000331,c_035,2024-01-16 20:34:58.832742387,163.08,m_011,travel,GB,GB,False,0
txn_000332,c_036,2024-01-16 20:49:43.776339724,6.3,m_022,electronics,GB,GB,True,0
txn_000333,c_005,2024-01-16 22:17:34.027557502,61.45,m_031,travel,GB,GB,True,0
txn_000334,c_017,2024-01-17 00:39:35.136936602,58.09,m_056,fuel,IE,IE,True,0
txn_000335,c_015,2024-01-17 00:59:29.451965615,85.61,m_038,electronics,GB,GB,True,0
txn_000336,c_004,2024-01-17 01:07:23.968270784,23.96,m_020,travel,FR,FR,True,0
txn_000337,c_004,2024-01-17 01:11:33.910556984,18.38,m_045,gambling,FR,FR,True,0
txn_000338,c_006,2024-01-17 01:29:04.605771565,42.73,m_004,fuel,GB,GB,True,0
txn_000339,c_007,2024-01-17 01:40:07.920595771,73.23,m_001,electronics,GB,GB,True,0
txn_000340,c_001,2024-01-17 03:14:37.786582199,71.02,m_037,travel,GB,GB,True,0
txn_000341,c_002,2024-01-17 05:19:51.350783999,117.6,m_053,electronics,IE,IE,True,0
txn_000342,c_035,2024-01-17 07:11:34.854639667,35.35,m_004,grocery,GB,GB,True,0
txn_000343,c_024,2024-01-17 07:59:46.755678209,16.97,m_036,fuel,FR,FR,False,0
txn_000344,c_011,2024-01-17 09:30:41.639142798,20.72,m_032,fuel,GB,GB,True,0
txn_000345,c_025,2024-01-17 09:37:59.517185176,56.87,m_047,electronics,FR,FR,True,0
txn_000346,c_001,2024-01-17 10:44:14.198573136,47.63,m_056,gambling,GB,GB,True,0
txn_000347,c_004,2024-01-17 13:18:11.114004634,32.82,m_036,restaurant,FR,FR,True,0
txn_000348,c_004,2024-01-17 14:39:52.458335117,5.51,m_043,restaurant,FR,FR,True,0
txn_000349,c_022,2024-01-17 14:49:10.892391774,16.9,m_037,gambling,GB,GB,True,0
txn_000350,c_006,2024-01-17 16:10:40.707948698,36.1,m_017,fuel,GB,GB,True,0
txn_000351,c_018,2024-01-17 17:35:52.093776383,2.2,m_030,gambling,GB,GB,True,0
txn_000352,c_038,2024-01-17 23:09:29.721104175,37.83,m_027,grocery,FR,FR,False,0
txn_000353,c_032,2024-01-17 23:31:02.713141511,19.54,m_005,grocery,GB,GB,True,0
txn_000354,c_004,2024-01-18 06:36:55.182069238,44.72,m_055,grocery,FR,FR,True,0
txn_000355,c_021,2024-01-18 07:20:54.725809643,1.92,m_038,grocery,IE,IE,True,0
txn_000356,c_007,2024-01-18 12:14:19.421896092,10.15,m_007,gambling,GB,GB,True,0
txn_000357,c_025,2024-01-18 15:43:44.936362917,47.63,m_045,fuel,FR,FR,True,0
txn_000358,c_019,2024-01-18 16:09:49.564320295,279.84,m_044,restaurant,GB,GB,True,0
txn_000359,c_008,2024-01-18 17:21:12.156374018,7.68,m_010,travel,GB,GB,True,0
txn_000360,c_010,2024-01-18 18:01:56.177364004,74.96,m_025,fuel,FR,FR,True,0
txn_000361,c_002,2024-01-18 18:44:37.608641124,30.51,m_042,grocery,IE,IE,True,0
txn_000362,c_034,2024-01-18 18:59:06.886504669,101.89,m_024,restaurant,GB,GB,True,0
txn_000363,c_037,2024-01-18 20:07:53.236959382,65.46,m_054,travel,GB,GB,True,0
txn_000364,c_007,2024-01-18 20:57:01.371360006,30.68,m_001,fuel,GB,GB,True,0
txn_000365,c_005,2024-01-18 22:29:31.951165885,44.09,m_051,gambling,GB,GB,False,0
txn_000366,c_020,2024-01-18 22:52:57.189497424,118.11,m_027,restaurant,GB,GB,True,0
txn_000367,c_009,2024-01-18 23:42:46.291011859,14.47,m_010,fuel,GB,GB,True,0
txn_000368,c_019,2024-01-19 00:39:36.132701463,120.89,m_003,grocery,GB,GB,False,0
txn_000369,c_004,2024-01-19 00:52:05.657735613,16.38,m_010,fuel,FR,FR,True,0
txn_000370,c_001,2024-01-19 03:01:08.545569913,136.65,m_042,travel,GB,GB,True,0
txn_000371,c_028,2024-01-19 04:26:53.479738564,58.18,m_018,electronics,IE,IE,True,0
txn_000372,c_015,2024-01-19 05:37:34.460682886,33.17,m_037,grocery,GB,GB,False,0
txn_000373,c_036,2024-01-19 05:46:15.978864754,11.76,m_030,fuel,GB,GB,True,0
txn_000374,c_007,2024-01-19 06:29:39.066918024,6.81,m_041,grocery,GB,GB,True,0
txn_000375,c_014,2024-01-19 07:06:34.319361720,255.42,m_043,grocery,IE,IE,False,0
txn_000376,c_025,2024-01-19 07:35:17.801504670,101.62,m_013,travel,FR,FR,True,0
txn_000377,c_037,2024-01-19 07:52:29.286501241,13.26,m_031,gambling,GB,GB,True,0
txn_000378,c_032,2024-01-19 09:49:49.519008502,37.12,m_039,gambling,GB,GB,True,0
txn_000379,c_020,2024-01-19 10:33:12.168595485,39.78,m_021,gambling,GB,GB,True,0
txn_000380,c_031,2024-01-19 10:55:48.016686882,27.23,m_027,fuel,IE,IE,True,0
txn_000381,c_014,2024-01-19 12:04:47.784328609,109.89,m_041,electronics,IE,IE,True,0
txn_000382,c_011,2024-01-19 12:12:25.756662806,15.08,m_058,travel,GB,GB,True,0
txn_000383,c_004,2024-01-19 13:28:26.271705240,22.69,m_029,fuel,FR,FR,True,0
txn_000384,c_027,2024-01-19 13:56:47.553366469,13.04,m_003,electronics,FR,FR,True,0
txn_000385,c_018,2024-01-19 21:52:22.953828869,14.06,m_051,travel,GB,GB,True,0
txn_000386,c_005,2024-01-19 23:20:29.236908014,100.31,m_055,fuel,GB,GB,True,0
txn_000387,c_035,2024-01-20 00:39:35.779943928,67.93,m_052,grocery,GB,GB,True,0
txn_000388,c_016,2024-01-20 03:26:17.856775822,42.17,m_007,gambling,GB,GB,True,0
txn_000389,c_024,2024-01-20 04:34:28.191262167,16.06,m_007,electronics,FR,FR,True,0
txn_000390,c_025,2024-01-20 04:49:36.903902957,50.76,m_022,gambling,FR,FR,True,0
txn_000391,c_016,2024-01-20 06:12:54.355750998,13.38,m_001,restaurant,GB,GB,True,0
txn_000392,c_019,2024-01-20 08:53:43.836019084,57.91,m_041,restaurant,GB,GB,True,0
txn_000393,c_014,2024-01-20 08:58:06.511153989,77.02,m_042,gambling,IE,IE,True,0
txn_000394,c_014,2024-01-20 10:22:43.214819659,91.36,m_056,travel,IE,IE,True,0
txn_000395,c_022,2024-01-20 11:15:48.301540791,11.41,m_038,travel,GB,GB,True,0
txn_000396,c_026,2024-01-20 11:24:23.426278927,5.06,m_004,electronics,GB,GB,True,0
txn_000397,c_023,2024-01-20 13:34:01.997578870,8.31,m_007,restaurant,GB,GB,True,0
txn_000398,c_002,2024-01-20 13:45:47.091244141,47.03,m_026,gambling,IE,IE,True,0
txn_000399,c_015,2024-01-20 14:41:53.036489174,47.46,m_024,restaurant,GB,GB,True,0
txn_000400,c_004,2024-01-20 18:37:49.480899688,25.4,m_021,gambling,FR,FR,True,0
txn_000401,c_004,2024-01-20 20:58:59.764515766,25.69,m_010,gambling,FR,FR,True,0
txn_000402,c_002,2024-01-20 21:26:54.031314445,31.22,m_025,grocery,IE,IE,True,0
txn_000403,c_037,2024-01-20 21:53:34.387130578,26.67,m_003,gambling,GB,GB,True,0
txn_000404,c_016,2024-01-21 01:50:32.908785628,26.95,m_050,travel,GB,GB,True,0
txn_000405,c_026,2024-01-21 01:51:38.961884017,10.03,m_040,grocery,GB,GB,True,0
txn_000406,c_022,2024-01-21 02:16:09.261065967,37.1,m_055,travel,GB,GB,True,0
txn_000407,c_024,2024-01-21 02:26:19.536140329,25.73,m_046,travel,FR,FR,True,0
txn_000408,c_039,2024-01-21 04:12:33.773205596,28.36,m_054,restaurant,GB,GB,True,0
txn_000409,c_032,2024-01-21 05:44:24.795168349,43.96,m_010,gambling,GB,GB,True,0
txn_000410,c_004,2024-01-21 08:03:25.580707537,19.6,m_022,fuel,FR,FR,False,0
txn_000411,c_023,2024-01-21 10:08:09.938455668,29.64,m_013,gambling,GB,GB,True,0
txn_000412,c_023,2024-01-21 10:54:25.150195119,26.07,m_039,grocery,GB,GB,True,0
txn_000413,c_003,2024-01-21 11:08:17.800596939,79.63,m_009,fuel,GB,GB,True,0
txn_000414,c_012,2024-01-21 11:33:23.974218245,107.99,m_000,travel,GB,GB,True,0
txn_000415,c_004,2024-01-21 12:11:51.669684523,9.2,m_047,grocery,FR,FR,True,0
txn_000416,c_024,2024-01-21 13:54:05.600753844,1.77,m_038,fuel,FR,FR,True,0
txn_000417,c_030,2024-01-21 14:49:51.194982735,52.86,m_052,grocery,GB,GB,True,0
txn_000418,c_026,2024-01-21 17:41:18.368939039,60.97,m_012,fuel,GB,GB,True,0
txn_000419,c_021,2024-01-21 19:37:37.700111831,63.74,m_027,grocery,IE,IE,True,0
txn_000420,c_010,2024-01-21 21:04:55.293876928,39.2,m_003,gambling,FR,FR,True,0
txn_000421,c_008,2024-01-21 21:34:42.026504808,5.51,m_027,travel,GB,GB,True,0
txn_000422,c_017,2024-01-21 23:54:16.006475468,30.7,m_026,grocery,IE,IE,True,0
txn_000423,c_015,2024-01-21 23:55:49.736070896,8.63,m_040,travel,GB,GB,True,0
txn_000424,c_039,2024-01-22 00:06:45.499557885,86.63,m_001,fuel,GB,GB,True,0
txn_000425,c_034,2024-01-22 01:15:14.273230832,93.41,m_036,gambling,GB,GB,True,0
txn_000426,c_023,2024-01-22 01:16:39.936716348,35.65,m_001,fuel,GB,GB,True,0
txn_000427,c_008,2024-01-22 01:28:44.458840309,2.57,m_033,restaurant,GB,GB,True,0
txn_000428,c_027,2024-01-22 01:54:28.166090162,59.3,m_012,grocery,FR,FR,True,0
txn_000429,c_021,2024-01-22 03:42:41.986016232,11.95,m_040,gambling,IE,IE,False,0
txn_000430,c_006,2024-01-22 04:46:42.347576170,93.1,m_014,grocery,GB,GB,True,0
txn_000431,c_034,2024-01-22 05:01:56.810684247,99.84,m_040,grocery,GB,GB,True,0
txn_000432,c_024,2024-01-22 06:01:01.353430514,10.14,m_022,grocery,FR,FR,True,0
txn_000433,c_003,2024-01-22 08:55:00.072386532,88.48,m_038,grocery,GB,GB,True,0
txn_000434,c_027,2024-01-22 13:10:16.845713056,23.01,m_059,grocery,FR,FR,True,0
txn_000435,c_027,2024-01-22 15:47:39.543457564,32.68,m_039,grocery,FR,FR,True,0
txn_000436,c_022,2024-01-22 16:15:53.064396487,87.6,m_037,travel,GB,GB,True,0
txn_000437,c_016,2024-01-22 21:42:40.077693033,143.64,m_016,travel,US,GB,True,0
txn_000438,c_002,2024-01-22 22:32:19.469075638,40.38,m_049,travel,IE,IE,True,0
txn_000439,c_030,2024-01-23 02:56:04.207324251,72.62,m_057,grocery,GB,GB,True,0
txn_000440,c_028,2024-01-23 04:12:03.459699351,48.3,m_054,restaurant,IE,IE,True,0
txn_000441,c_026,2024-01-23 05:09:26.201401660,70.51,m_033,electronics,GB,GB,True,0
txn_000442,c_017,2024-01-23 05:19:40.014298442,121.78,m_009,gambling,IE,IE,False,0
txn_000443,c_004,2024-01-23 05:31:50.227400808,5.26,m_030,grocery,FR,FR,True,0
txn_000444,c_038,2024-01-23 06:40:26.978552208,16.33,m_026,fuel,FR,FR,True,0
txn_000445,c_008,2024-01-23 07:02:25.430209527,4.95,m_035,electronics,GB,GB,False,0
txn_000446,c_024,2024-01-23 07:55:38.623978203,143.31,m_014,restaurant,FR,FR,False,0
txn_000447,c_028,2024-01-23 08:01:30.135576161,66.71,m_050,travel,IE,IE,True,0
txn_000448,c_020,2024-01-23 08:07:38.534046280,45.67,m_007,travel,GB,GB,True,0
txn_000449,c_030,2024-01-23 09:35:55.131080757,55.82,m_023,grocery,GB,GB,True,0
txn_000450,c_036,2024-01-23 09:48:44.537346701,45.28,m_033,travel,GB,GB,True,0
txn_000451,c_024,2024-01-23 10:13:30.283792533,39.74,m_042,electronics,FR,FR,True,0
txn_000452,c_022,2024-01-23 11:19:54.529496620,7.99,m_026,travel,GB,GB,False,0
txn_000453,c_031,2024-01-23 11:29:42.515665815,9.15,m_033,electronics,IE,IE,True,0
txn_000454,c_017,2024-01-23 14:35:07.131914600,61.46,m_028,grocery,IE,IE,True,0
txn_000455,c_011,2024-01-23 15:36:12.228764956,25.62,m_045,gambling,GB,GB,True,0
txn_000456,c_024,2024-01-23 17:42:38.808979729,75.0,m_007,gambling,FR,FR,True,0
txn_000457,c_035,2024-01-23 21:55:56.419650782,4.57,m_048,gambling,GB,GB,True,0
txn_000458,c_008,2024-01-23 23:02:49.603008064,30.48,m_050,gambling,GB,GB,True,0
txn_000459,c_037,2024-01-23 23:25:19.975243020,14.44,m_027,restaurant,GB,GB,True,0
txn_000468,c_009,2024-01-24 00:00:00.000000000,731.66,m_043,restaurant,RO,GB,False,1
txn_000460,c_030,2024-01-24 01:22:21.193053445,40.08,m_029,restaurant,GB,GB,True,0
txn_000461,c_031,2024-01-24 02:07:03.598085006,36.75,m_011,fuel,IE,IE,True,0
txn_000462,c_001,2024-01-24 02:23:04.341593190,69.88,m_016,electronics,GB,GB,True,0
txn_000463,c_038,2024-01-24 03:35:27.334936586,18.92,m_027,fuel,FR,FR,True,0
txn_000464,c_031,2024-01-24 04:00:38.309617935,40.51,m_008,grocery,IE,IE,True,0
txn_000465,c_031,2024-01-24 04:26:18.471524859,9.37,m_054,gambling,IE,IE,True,0
txn_000466,c_039,2024-01-24 04:47:24.518355729,37.74,m_016,gambling,GB,GB,True,0
txn_000467,c_025,2024-01-24 06:02:36.339280247,93.51,m_032,gambling,FR,FR,True,0
txn_000469,c_023,2024-01-24 08:09:38.103433444,38.83,m_051,gambling,GB,GB,True,0
txn_000470,c_015,2024-01-24 09:26:14.089305539,105.48,m_026,travel,GB,GB,True,0
txn_000471,c_013,2024-01-24 10:43:16.706748618,70.89,m_021,restaurant,GB,GB,False,0
txn_000472,c_012,2024-01-24 13:14:09.525071555,114.8,m_039,travel,RO,GB,True,0
txn_000473,c_030,2024-01-24 15:46:54.217613843,175.17,m_005,electronics,GB,GB,False,0
txn_000474,c_031,2024-01-24 19:05:46.152585999,38.89,m_008,grocery,IE,IE,True,0
txn_000475,c_003,2024-01-24 20:23:40.003012706,143.95,m_000,fuel,GB,GB,True,0
txn_000476,c_004,2024-01-24 20:48:42.466315616,29.39,m_048,gambling,FR,FR,True,0
txn_000477,c_025,2024-01-24 20:59:26.777487312,88.54,m_037,fuel,FR,FR,True,0
txn_000478,c_010,2024-01-24 23:35:01.638266530,20.64,m_024,fuel,FR,FR,True,0
txn_000479,c_039,2024-01-24 23:56:49.030549825,51.86,m_031,travel,GB,GB,True,0
txn_000480,c_021,2024-01-24 23:57:33.681567290,51.11,m_016,grocery,IE,IE,True,0
txn_000481,c_023,2024-01-25 01:50:40.279589558,19.66,m_051,travel,GB,GB,True,0
txn_000482,c_035,2024-01-25 02:20:40.574349148,52.23,m_008,restaurant,GB,GB,True,0
txn_000483,c_015,2024-01-25 05:43:19.847915376,22.9,m_034,electronics,GB,GB,True,0
txn_000484,c_024,2024-01-25 06:37:21.895561625,96.15,m_057,gambling,FR,FR,True,0
txn_000485,c_037,2024-01-25 08:44:30.991186754,99.36,m_007,gambling,GB,GB,True,0
txn_000486,c_020,2024-01-25 09:22:26.317497094,20.98,m_047,fuel,GB,GB,True,0
txn_000487,c_010,2024-01-25 11:21:54.315241993,48.88,m_053,restaurant,FR,FR,False,0
txn_000488,c_002,2024-01-25 13:40:01.342077694,45.4,m_051,fuel,IE,IE,True,0
txn_000489,c_030,2024-01-25 15:12:52.722134553,41.81,m_048,electronics,GB,GB,True,0
txn_000490,c_032,2024-01-25 20:29:52.557852557,50.14,m_029,restaurant,GB,GB,True,0
txn_000491,c_002,2024-01-25 20:30:16.492162082,46.54,m_008,grocery,IE,IE,True,0
txn_000492,c_007,2024-01-25 22:58:57.924935810,36.1,m_050,travel,GB,GB,True,0
txn_000493,c_015,2024-01-25 23:32:56.139449205,8.7,m_002,travel,GB,GB,True,0
txn_000494,c_027,2024-01-26 00:35:25.116607395,21.14,m_011,gambling,FR,FR,True,0
txn_000495,c_016,2024-01-26 01:37:05.967598537,197.22,m_000,fuel,GB,GB,True,0
txn_000496,c_016,2024-01-26 03:27:22.341144288,167.77,m_030,fuel,GB,GB,True,0
txn_000497,c_033,2024-01-26 05:53:55.086052667,71.43,m_008,gambling,GB,GB,True,0
txn_000498,c_006,2024-01-26 08:57:08.584331274,8.56,m_013,gambling,GB,GB,True,0
txn_000499,c_021,2024-01-26 12:29:41.439439576,14.72,m_043,restaurant,IE,IE,True,0
txn_000500,c_033,2024-01-26 14:31:26.431502535,109.87,m_006,grocery,GB,GB,False,0
txn_000501,c_004,2024-01-26 14:34:39.405291921,27.0,m_008,electronics,FR,FR,True,0
txn_000502,c_002,2024-01-26 15:16:27.274866514,16.77,m_025,restaurant,IE,IE,True,0
txn_000503,c_019,2024-01-26 15:25:37.688874345,127.31,m_038,gambling,GB,GB,False,0
txn_000504,c_019,2024-01-26 16:33:44.630380490,90.5,m_021,restaurant,GB,GB,True,0
txn_000505,c_031,2024-01-26 16:43:45.835427301,51.49,m_015,electronics,IE,IE,True,0
txn_000506,c_020,2024-01-26 16:57:24.888768114,38.05,m_041,travel,GB,GB,True,0
txn_000507,c_032,2024-01-26 18:03:47.294392869,85.31,m_045,electronics,GB,GB,True,0
txn_000508,c_024,2024-01-26 19:01:51.203607162,43.14,m_004,gambling,FR,FR,True,0
txn_000509,c_023,2024-01-26 19:58:50.135665735,7.56,m_059,grocery,GB,GB,True,0
txn_000510,c_020,2024-01-26 21:06:08.210834467,17.44,m_015,travel,GB,GB,True,0
txn_000511,c_025,2024-01-26 22:28:51.897456332,65.55,m_005,gambling,FR,FR,True,0
txn_000512,c_039,2024-01-26 23:00:08.406094419,46.82,m_019,gambling,GB,GB,False,0
txn_000513,c_031,2024-01-26 23:02:08.208381927,57.74,m_017,gambling,IE,IE,True,0
txn_000514,c_034,2024-01-26 23:50:15.682884681,69.94,m_043,restaurant,GB,GB,True,0
txn_000515,c_002,2024-01-27 00:02:32.411780278,3.92,m_059,electronics,IE,IE,True,0
txn_000516,c_011,2024-01-27 00:55:42.056317328,32.95,m_053,electronics,GB,GB,False,0
txn_000517,c_027,2024-01-27 01:13:26.123869440,9.25,m_014,travel,FR,FR,True,0
txn_000518,c_002,2024-01-27 02:41:00.416515593,78.07,m_056,gambling,IE,IE,True,0
txn_000519,c_024,2024-01-27 04:54:33.188651212,77.18,m_013,fuel,FR,FR,True,0
txn_000520,c_022,2024-01-27 07:51:28.055133266,37.34,m_050,gambling,GB,GB,True,0
txn_000521,c_012,2024-01-27 10:14:22.234551730,95.22,m_043,gambling,GB,GB,True,0
txn_000522,c_011,2024-01-27 10:29:40.121991283,116.93,m_026,travel,GB,GB,True,0
txn_000523,c_004,2024-01-27 10:36:08.851423935,36.0,m_016,gambling,FR,FR,False,0
txn_000524,c_002,2024-01-27 11:04:26.863295709,41.72,m_043,fuel,IE,IE,True,0
txn_000525,c_015,2024-01-27 11:08:10.526067409,10.48,m_031,restaurant,GB,GB,True,0
txn_000526,c_011,2024-01-27 12:47:20.460307904,42.88,m_012,grocery,GB,GB,True,0
txn_000527,c_027,2024-01-27 13:02:44.420961480,30.47,m_000,electronics,FR,FR,True,0
txn_000528,c_006,2024-01-27 17:56:15.200637071,6.76,m_035,travel,GB,GB,True,0
txn_000529,c_000,2024-01-27 19:12:32.562533990,99.69,m_011,gambling,IE,IE,True,0
txn_000530,c_019,2024-01-27 19:49:32.580453168,2270.53,m_035,restaurant,RO,GB,False,1
txn_000531,c_017,2024-01-27 21:10:08.093946335,263.8,m_054,travel,IE,IE,False,0
txn_000532,c_037,2024-01-27 21:28:27.394288701,41.13,m_053,travel,GB,GB,False,0
txn_000533,c_038,2024-01-27 21:53:56.210014204,20.87,m_004,grocery,FR,FR,True,0
txn_000534,c_006,2024-01-27 22:39:03.248575832,47.25,m_054,grocery,GB,GB,True,0
txn_000535,c_019,2024-01-28 00:20:59.497672238,22.16,m_015,fuel,GB,GB,True,0
txn_000536,c_003,2024-01-28 00:37:33.400033094,34.78,m_015,fuel,GB,GB,True,0
txn_000537,c_029,2024-01-28 03:10:33.609447880,5.58,m_035,travel,GB,GB,True,0
txn_000538,c_016,2024-01-28 03:12:09.639996886,195.66,m_016,grocery,GB,GB,True,0
txn_000539,c_012,2024-01-28 04:32:53.102799066,204.6,m_008,fuel,GB,GB,True,0
txn_000540,c_030,2024-01-28 05:01:37.819293943,11.86,m_048,electronics,GB,GB,True,0
txn_000541,c_027,2024-01-28 06:50:44.468579541,26.2,m_031,grocery,FR,FR,True,0
txn_000542,c_000,2024-01-28 10:41:33.508725981,285.95,m_047,grocery,IE,IE,True,0
txn_000543,c_001,2024-01-28 13:24:00.325751917,121.31,m_049,restaurant,GB,GB,True,0
txn_000544,c_001,2024-01-28 13:44:35.407037321,84.95,m_033,fuel,GB,GB,True,0
txn_000545,c_025,2024-01-28 15:00:41.489874269,37.8,m_021,gambling,FR,FR,True,0
txn_000546,c_001,2024-01-28 15:39:54.766826437,179.68,m_048,fuel,GB,GB,True,0
txn_000547,c_019,2024-01-28 15:57:08.160331523,29.23,m_058,gambling,GB,GB,True,0
txn_000548,c_033,2024-01-28 16:43:30.969310374,49.49,m_053,travel,GB,GB,True,0
txn_000549,c_003,2024-01-28 16:58:14.065819029,13.28,m_003,grocery,GB,GB,True,0
txn_000550,c_020,2024-01-28 17:40:16.231210381,37.35,m_005,fuel,GB,GB,True,0
txn_000551,c_036,2024-01-28 18:26:05.700062725,30.25,m_002,grocery,GB,GB,False,0
txn_000552,c_008,2024-01-28 19:08:02.939422018,4.31,m_008,grocery,GB,GB,True,0
txn_000553,c_027,2024-01-28 19:58:35.283495278,12.23,m_022,electronics,FR,FR,True,0
txn_000554,c_024,2024-01-28 21:06:53.119543633,72.22,m_050,fuel,FR,FR,True,0
txn_000555,c_008,2024-01-28 23:11:34.752915252,35.21,m_033,grocery,GB,GB,True,0
txn_000556,c_019,2024-01-29 02:26:56.551078547,86.39,m_053,fuel,GB,GB,True,0
txn_000557,c_023,2024-01-29 02:50:56.192312967,17.45,m_037,fuel,GB,GB,True,0
txn_000558,c_038,2024-01-29 03:55:51.366971367,43.11,m_053,electronics,FR,FR,True,0
txn_000559,c_039,2024-01-29 05:30:46.427030420,27.75,m_030,travel,GB,GB,True,0
txn_000560,c_037,2024-01-29 06:51:24.422287123,38.98,m_042,electronics,GB,GB,False,0
txn_000561,c_004,2024-01-29 08:23:51.185073957,28.74,m_040,grocery,FR,FR,True,0
txn_000562,c_019,2024-01-29 10:01:42.699030884,65.25,m_056,restaurant,GB,GB,True,0
txn_000563,c_027,2024-01-29 10:52:26.746597381,94.62,m_058,restaurant,FR,FR,False,0
txn_000564,c_029,2024-01-29 12:03:58.148213192,15.12,m_038,travel,GB,GB,True,0
txn_000565,c_019,2024-01-29 14:19:09.257526806,102.56,m_036,gambling,GB,GB,True,0
txn_000566,c_012,2024-01-29 14:28:32.192612242,38.94,m_028,fuel,GB,GB,False,0
txn_000567,c_034,2024-01-29 14:36:31.702195819,65.3,m_053,grocery,GB,GB,True,0
txn_000568,c_036,2024-01-29 16:07:04.543411342,25.27,m_000,grocery,GB,GB,True,0
txn_000569,c_020,2024-01-29 16:53:17.287413690,82.62,m_027,fuel,GB,GB,True,0
txn_000570,c_010,2024-01-29 17:10:34.663222094,119.62,m_044,grocery,FR,FR,True,0
txn_000571,c_039,2024-01-29 19:47:15.528062551,68.49,m_031,gambling,US,GB,True,0
txn_000572,c_010,2024-01-30 00:49:18.590414307,26.93,m_053,grocery,FR,FR,True,0
txn_000573,c_027,2024-01-30 01:24:38.152265346,51.89,m_006,restaurant,FR,FR,True,0
txn_000574,c_026,2024-01-30 01:51:51.304675277,7.55,m_021,electronics,GB,GB,True,0
txn_000575,c_030,2024-01-30 02:33:18.628169944,83.53,m_039,travel,GB,GB,True,0
txn_000576,c_000,2024-01-30 05:50:04.247900809,122.2,m_059,grocery,IE,IE,True,0
txn_000577,c_005,2024-01-30 05:55:52.479023512,159.2,m_009,fuel,GB,GB,True,0
txn_000578,c_025,2024-01-30 08:30:34.736212551,34.13,m_032,travel,FR,FR,True,0
txn_000579,c_029,2024-01-30 09:46:05.411151518,9.34,m_025,electronics,GB,GB,True,0
txn_000580,c_020,2024-01-30 09:47:42.972877329,28.15,m_010,fuel,GB,GB,True,0
txn_000581,c_032,2024-01-30 09:57:17.874768457,68.56,m_059,travel,GB,GB,True,0
txn_000582,c_037,2024-01-30 10:30:23.429019088,13.35,m_016,restaurant,GB,GB,True,0
txn_000583,c_000,2024-01-30 13:01:26.830032933,20.48,m_058,travel,IE,IE,True,0
txn_000584,c_009,2024-01-30 13:39:25.430007815,47.48,m_041,restaurant,GB,GB,True,0
txn_000585,c_025,2024-01-30 13:49:36.812592519,74.29,m_051,travel,FR,FR,True,0
txn_000586,c_029,2024-01-30 13:51:37.648044098,11.22,m_018,gambling,GB,GB,False,0
txn_000587,c_016,2024-01-30 17:35:44.409895780,54.44,m_049,travel,GB,GB,False,0
txn_000588,c_029,2024-01-30 20:42:34.035739374,25.15,m_016,grocery,GB,GB,True,0
txn_000589,c_036,2024-01-30 22:29:36.177598345,16.34,m_019,grocery,GB,GB,True,0
txn_000607,c_032,2024-01-31 01:00:00.000000000,849.06,m_017,electronics,GB,GB,False,1
txn_000590,c_038,2024-01-31 05:22:16.469142681,29.11,m_058,travel,FR,FR,True,0
txn_000591,c_024,2024-01-31 05:22:25.925317939,39.82,m_045,grocery,FR,FR,False,0
txn_000592,c_034,2024-01-31 05:47:48.568486604,164.63,m_021,grocery,GB,GB,True,0
txn_000593,c_039,2024-01-31 05:52:48.441381235,28.48,m_003,travel,GB,GB,True,0
txn_000594,c_033,2024-01-31 12:42:53.613585759,222.95,m_038,restaurant,GB,GB,False,0
txn_000595,c_008,2024-01-31 15:02:10.342605419,19.62,m_045,gambling,GB,GB,True,0
txn_000596,c_024,2024-01-31 16:40:57.896621462,80.78,m_050,grocery,FR,FR,True,0
txn_000597,c_032,2024-01-31 16:49:54.599746499,58.65,m_019,grocery,GB,GB,False,0
txn_000598,c_004,2024-01-31 16:57:44.227321171,19.02,m_008,travel,BR,FR,True,0
txn_000599,c_016,2024-01-31 17:08:47.361044674,145.64,m_004,grocery,GB,GB,True,0
txn_000600,c_038,2024-01-31 17:58:49.204866756,10.17,m_059,fuel,FR,FR,True,0
txn_000601,c_033,2024-01-31 18:00:37.773267947,216.43,m_025,gambling,GB,GB,True,0
txn_000602,c_021,2024-01-31 18:25:21.650049569,71.75,m_000,fuel,RU,IE,True,0
txn_000603,c_038,2024-01-31 18:44:16.044070519,15.99,m_012,electronics,FR,FR,False,0
txn_000604,c_039,2024-01-31 19:15:31.218034070,33.06,m_017,travel,GB,GB,True,0
txn_000605,c_036,2024-01-31 20:32:35.150787754,5.45,m_015,travel,GB,GB,True,0
txn_000606,c_024,2024-01-31 20:58:12.904174421,127.0,m_028,travel,FR,FR,True,0
txn_000623,c_033,2024-02-01 00:00:00.000000000,582.82,m_034,fuel,NG,GB,False,1
txn_000608,c_011,2024-02-01 00:24:41.012149566,47.45,m_013,fuel,GB,GB,True,0
txn_000609,c_015,2024-02-01 00:33:39.454091562,42.49,m_009,electronics,GB,GB,True,0
txn_000610,c_015,2024-02-01 04:18:47.926588561,45.72,m_003,gambling,GB,GB,True,0
txn_000611,c_025,2024-02-01 05:05:17.326245451,15.5,m_040,electronics,FR,FR,False,0
txn_000612,c_013,2024-02-01 06:21:16.278439452,41.3,m_031,restaurant,GB,GB,True,0
txn_000613,c_030,2024-02-01 06:52:48.524025663,84.93,m_044,electronics,GB,GB,True,0
txn_000614,c_035,2024-02-01 07:23:27.684270365,80.32,m_055,restaurant,GB,GB,True,0
txn_000615,c_019,2024-02-01 07:34:54.042487592,239.44,m_023,grocery,GB,GB,True,0
txn_000616,c_026,2024-02-01 07:37:32.785043361,24.83,m_013,travel,GB,GB,True,0
txn_000617,c_010,2024-02-01 08:39:01.033862318,275.05,m_036,grocery,FR,FR,True,0
txn_000618,c_002,2024-02-01 10:44:41.489807138,69.98,m_032,gambling,IE,IE,False,0
txn_000619,c_007,2024-02-01 12:40:03.690154117,34.0,m_003,grocery,GB,GB,True,0
txn_000620,c_006,2024-02-01 12:55:29.605528933,29.01,m_038,gambling,GB,GB,True,0
txn_000621,c_011,2024-02-01 13:08:38.466434080,18.01,m_031,restaurant,GB,GB,True,0
txn_000622,c_002,2024-02-01 14:14:01.169188876,62.02,m_011,gambling,IE,IE,False,0
txn_000624,c_023,2024-02-01 17:39:14.493242580,74.49,m_031,restaurant,GB,GB,False,0
txn_000625,c_017,2024-02-01 19:24:30.285023777,84.25,m_007,restaurant,IE,IE,True,0
txn_000626,c_026,2024-02-01 20:27:40.871585907,8.42,m_010,gambling,GB,GB,False,0
txn_000627,c_034,2024-02-01 23:07:09.688852208,148.85,m_000,electronics,GB,GB,True,0
txn_000628,c_033,2024-02-01 23:43:21.476638624,181.35,m_028,fuel,GB,GB,True,0
txn_000629,c_028,2024-02-02 00:59:26.481508045,48.9,m_018,fuel,IE,IE,True,0
txn_000630,c_030,2024-02-02 01:52:28.620998682,109.08,m_009,grocery,GB,GB,True,0
txn_000631,c_010,2024-02-02 02:39:12.007244841,125.64,m_039,fuel,FR,FR,True,0
txn_000632,c_011,2024-02-02 02:39:33.356578504,38.88,m_057,grocery,GB,GB,True,0
txn_000633,c_010,2024-02-02 03:30:55.580251908,23.6,m_050,travel,FR,FR,True,0
txn_000634,c_014,2024-02-02 03:48:26.460841631,123.73,m_029,electronics,IE,IE,True,0
txn_000635,c_000,2024-02-02 08:04:47.355974879,16.18,m_001,restaurant,IE,IE,True,0
txn_000636,c_032,2024-02-02 08:13:52.937740245,42.01,m_002,grocery,GB,GB,True,0
txn_000637,c_033,2024-02-02 08:50:17.862755174,80.74,m_009,travel,GB,GB,True,0
txn_000638,c_038,2024-02-02 10:33:31.389751730,6.19,m_056,gambling,FR,FR,True,0
txn_000639,c_028,2024-02-02 11:33:35.096895637,100.04,m_040,fuel,IE,IE,False,0
txn_000640,c_031,2024-02-02 11:45:46.812297842,24.56,m_041,restaurant,IE,IE,True,0
txn_000641,c_017,2024-02-02 13:04:49.771433205,27.95,m_005,grocery,IE,IE,True,0
txn_000642,c_020,2024-02-02 18:10:32.205159906,36.68,m_002,gambling,GB,GB,False,0
txn_000643,c_025,2024-02-02 21:02:30.088902113,48.58,m_022,electronics,FR,FR,True,0
txn_000644,c_030,2024-02-02 23:17:17.479776120,53.84,m_040,fuel,GB,GB,True,0
txn_000645,c_011,2024-02-03 00:42:37.013372438,29.83,m_039,travel,GB,GB,True,0
txn_000646,c_028,2024-02-03 01:44:26.522296336,37.71,m_058,gambling,IE,IE,True,0
txn_000647,c_021,2024-02-03 01:45:53.061932269,32.2,m_050,fuel,IE,IE,True,0
txn_000648,c_018,2024-02-03 01:47:19.105331696,99.69,m_013,restaurant,GB,GB,True,0
txn_000649,c_028,2024-02-03 03:58:51.893100790,309.44,m_019,fuel,IE,IE,True,0
txn_000650,c_015,2024-02-03 06:50:27.100542840,50.33,m_002,fuel,GB,GB,True,0
txn_000651,c_037,2024-02-03 06:51:09.272861528,20.04,m_024,gambling,GB,GB,True,0
txn_000652,c_001,2024-02-03 07:54:10.590505510,34.59,m_038,fuel,GB,GB,True,0
txn_000653,c_011,2024-02-03 08:10:20.798280943,10.07,m_040,gambling,GB,GB,True,0
txn_000654,c_023,2024-02-03 08:59:58.928466421,12.78,m_052,electronics,GB,GB,True,0
txn_000655,c_007,2024-02-03 10:18:01.471318754,38.81,m_036,restaurant,GB,GB,True,0
txn_000656,c_027,2024-02-03 12:30:13.548441156,76.74,m_009,fuel,FR,FR,False,0
txn_000657,c_010,2024-02-03 13:42:03.355982145,39.74,m_006,travel,FR,FR,True,0
txn_000658,c_030,2024-02-03 14:00:15.941539956,21.11,m_011,electronics,GB,GB,True,0
txn_000659,c_033,2024-02-03 14:24:32.702859874,44.89,m_051,fuel,GB,GB,True,0
txn_000660,c_020,2024-02-03 14:47:47.712460666,29.67,m_025,gambling,GB,GB,True,0
txn_000661,c_014,2024-02-03 15:54:43.808966518,55.23,m_017,travel,IE,IE,False,0
txn_000662,c_009,2024-02-03 16:11:21.062379248,21.8,m_058,gambling,GB,GB,False,0
txn_000663,c_022,2024-02-03 16:42:59.331632316,29.26,m_032,travel,GB,GB,True,0
txn_000664,c_004,2024-02-03 17:40:32.338384401,19.68,m_008,gambling,FR,FR,True,0
txn_000665,c_005,2024-02-03 18:56:51.490482504,90.91,m_004,gambling,GB,GB,True,0
txn_000666,c_031,2024-02-03 21:16:44.433316771,8.62,m_014,fuel,IE,IE,True,0
txn_000667,c_015,2024-02-03 21:53:05.049034505,1121.07,m_003,electronics,GB,GB,False,1
txn_000668,c_038,2024-02-03 22:03:55.627442108,36.21,m_014,fuel,FR,FR,True,0
txn_000669,c_003,2024-02-03 23:04:31.300992761,175.98,m_000,restaurant,GB,GB,True,0
txn_000670,c_032,2024-02-04 00:15:03.356086995,11.96,m_013,grocery,GB,GB,True,0
txn_000671,c_000,2024-02-04 00:52:30.821927105,20.41,m_034,fuel,IE,IE,True,0
txn_000672,c_028,2024-02-04 02:35:36.274043628,33.51,m_056,restaurant,IE,IE,True,0
txn_000673,c_003,2024-02-04 03:59:52.149359628,161.66,m_040,gambling,GB,GB,True,0
txn_000674,c_020,2024-02-04 07:05:42.119915501,50.32,m_014,electronics,GB,GB,False,0
txn_000675,c_032,2024-02-04 09:44:29.105777841,46.03,m_038,fuel,GB,GB,True,0
txn_000676,c_004,2024-02-04 11:45:56.926047204,29.06,m_011,restaurant,FR,FR,True,0
txn_000677,c_012,2024-02-04 17:01:35.277584636,1.86,m_054,electronics,GB,GB,True,0
txn_000678,c_007,2024-02-04 18:32:55.054599231,36.19,m_002,grocery,GB,GB,True,0
txn_000679,c_021,2024-02-04 20:27:52.538752843,70.63,m_033,restaurant,IE,IE,True,0
txn_000680,c_030,2024-02-04 20:41:47.231812264,32.1,m_045,grocery,GB,GB,True,0
txn_000681,c_027,2024-02-04 22:30:33.004162715,36.54,m_040,travel,FR,FR,True,0
txn_000682,c_017,2024-02-05 00:18:54.966672889,145.26,m_000,electronics,BR,IE,True,0
txn_000683,c_024,2024-02-05 02:48:08.382644042,71.52,m_053,restaurant,FR,FR,True,0
txn_000684,c_006,2024-02-05 03:06:56.376610822,35.2,m_028,electronics,GB,GB,True,0
txn_000685,c_004,2024-02-05 03:44:21.692428065,13.89,m_010,grocery,FR,FR,True,0
txn_000686,c_006,2024-02-05 03:47:02.030471793,68.22,m_033,electronics,GB,GB,True,0
txn_000687,c_003,2024-02-05 04:50:13.913645369,166.59,m_011,restaurant,BR,GB,True,0
txn_000691,c_009,2024-02-05 05:00:00.000000000,440.24,m_031,travel,GB,GB,False,1
txn_000688,c_031,2024-02-05 06:18:44.008765354,38.94,m_028,fuel,IE,IE,True,0
txn_000689,c_031,2024-02-05 06:27:33.756226955,31.13,m_008,gambling,IE,IE,True,0
txn_000690,c_019,2024-02-05 06:53:57.436720594,134.42,m_001,electronics,GB,GB,True,0
txn_000692,c_010,2024-02-05 13:29:27.971114856,143.42,m_048,grocery,FR,FR,True,0
txn_000693,c_000,2024-02-05 14:28:06.084732184,164.72,m_055,restaurant,IE,IE,True,0
txn_000694,c_025,2024-02-05 14:31:10.624534391,54.14,m_018,restaurant,FR,FR,True,0
txn_000695,c_016,2024-02-05 18:03:24.620163028,288.09,m_007,gambling,GB,GB,True,0
txn_000696,c_026,2024-02-05 18:33:18.235199558,35.58,m_058,gambling,GB,GB,True,0
txn_000697,c_039,2024-02-05 18:50:35.499367859,70.52,m_017,travel,GB,GB,True,0
txn_000698,c_001,2024-02-05 19:35:24.067594869,135.03,m_017,travel,GB,GB,True,0
txn_000699,c_036,2024-02-05 20:07:07.706997209,13.24,m_052,restaurant,GB,GB,True,0
txn_000700,c_015,2024-02-05 20:16:49.482521659,55.82,m_009,travel,GB,GB,True,0
txn_000701,c_027,2024-02-06 01:33:43.013978804,20.6,m_005,grocery,FR,FR,True,0
txn_000702,c_032,2024-02-06 02:06:18.594916578,82.64,m_029,electronics,GB,GB,True,0
txn_000703,c_031,2024-02-06 03:51:09.846919138,37.54,m_004,restaurant,IE,IE,True,0
txn_000704,c_021,2024-02-06 04:20:19.627979596,40.15,m_016,electronics,IE,IE,True,0
txn_000705,c_026,2024-02-06 05:30:13.623103554,22.15,m_025,electronics,GB,GB,False,0
txn_000706,c_031,2024-02-06 05:50:37.677713553,38.66,m_019,restaurant,IE,IE,True,0
txn_000707,c_019,2024-02-06 07:24:48.498879444,152.27,m_026,fuel,GB,GB,False,0
txn_000708,c_003,2024-02-06 08:26:46.490635002,79.79,m_049,grocery,GB,GB,True,0
txn_000709,c_001,2024-02-06 09:32:42.488741439,45.79,m_051,electronics,GB,GB,False,0
txn_000710,c_002,2024-02-06 09:53:36.413356358,78.55,m_002,gambling,IE,IE,True,0
txn_000711,c_038,2024-02-06 11:58:00.865981654,20.44,m_044,grocery,FR,FR,True,0
txn_000712,c_021,2024-02-06 12:17:47.397156308,102.69,m_001,gambling,IE,IE,True,0
txn_000713,c_003,2024-02-06 12:37:48.139665474,34.53,m_029,travel,GB,GB,True,0
txn_000714,c_026,2024-02-06 12:46:07.151785201,67.5,m_011,electronics,GB,GB,True,0
txn_000715,c_031,2024-02-06 12:54:29.414948524,12.61,m_058,restaurant,IE,IE,True,0
txn_000716,c_026,2024-02-06 16:54:43.941124472,25.86,m_023,restaurant,GB,GB,True,0
txn_000717,c_032,2024-02-06 16:59:18.846693512,14.19,m_054,gambling,GB,GB,True,0
txn_000718,c_008,2024-02-06 17:18:41.254577679,11.26,m_042,restaurant,GB,GB,True,0
txn_000719,c_018,2024-02-06 17:59:21.278748935,56.79,m_009,restaurant,GB,GB,True,0
txn_000720,c_038,2024-02-06 19:09:20.261718430,8.45,m_051,grocery,FR,FR,True,0
txn_000721,c_017,2024-02-06 19:40:53.339493996,51.41,m_046,grocery,IE,IE,True,0
txn_000722,c_027,2024-02-06 20:28:23.892259571,127.52,m_051,restaurant,FR,FR,True,0
txn_000723,c_023,2024-02-06 21:23:50.230558505,36.93,m_021,restaurant,GB,GB,True,0
txn_000724,c_020,2024-02-06 23:13:07.239300861,33.07,m_040,travel,GB,GB,True,0
txn_000725,c_035,2024-02-07 00:49:42.307981476,5.38,m_007,fuel,GB,GB,True,0
txn_000726,c_005,2024-02-07 00:56:14.212640643,67.05,m_016,grocery,GB,GB,True,0
txn_000727,c_032,2024-02-07 01:26:59.061800559,49.23,m_036,travel,GB,GB,False,0
txn_000728,c_022,2024-02-07 01:51:35.064594355,113.23,m_025,electronics,GB,GB,True,0
txn_000729,c_001,2024-02-07 02:04:21.387290053,56.74,m_017,gambling,GB,GB,True,0
txn_000730,c_005,2024-02-07 02:47:02.035650953,127.61,m_027,gambling,GB,GB,True,0
txn_000731,c_017,2024-02-07 07:36:52.807437241,67.54,m_010,gambling,IE,IE,True,0
txn_000732,c_003,2024-02-07 10:07:41.654008383,140.76,m_057,gambling,GB,GB,True,0
txn_000733,c_038,2024-02-07 12:13:14.912652856,16.12,m_021,gambling,FR,FR,True,0
txn_000734,c_038,2024-02-07 15:22:58.880202101,12.39,m_025,restaurant,FR,FR,True,0
txn_000735,c_027,2024-02-07 15:38:14.165964183,42.74,m_018,travel,FR,FR,True,0
txn_000736,c_001,2024-02-07 15:41:38.499358445,306.74,m_043,fuel,GB,GB,False,0
txn_000737,c_009,2024-02-07 17:18:05.674930071,46.7,m_026,restaurant,GB,GB,True,0
txn_000738,c_039,2024-02-07 17:25:41.116888789,26.63,m_000,grocery,GB,GB,False,1
txn_000739,c_036,2024-02-07 18:05:00.659106940,11.76,m_006,restaurant,GB,GB,True,0
txn_000740,c_038,2024-02-07 18:20:28.192742023,80.37,m_038,travel,FR,FR,True,0
txn_000741,c_021,2024-02-07 19:05:31.184459923,19.8,m_049,gambling,IE,IE,True,0
txn_000742,c_038,2024-02-07 20:15:53.937964690,55.1,m_003,grocery,FR,FR,True,0
txn_000743,c_033,2024-02-07 20:56:43.685714077,62.82,m_043,gambling,GB,GB,True,0
txn_000744,c_023,2024-02-07 22:57:19.555431652,42.38,m_047,restaurant,GB,GB,True,0
txn_000745,c_020,2024-02-07 23:16:49.270047870,129.61,m_023,gambling,GB,GB,True,0
txn_000746,c_008,2024-02-07 23:48:19.765200377,20.83,m_017,travel,GB,GB,True,0
txn_000747,c_013,2024-02-08 05:35:47.212665802,592.15,m_050,electronics,GB,GB,False,1
txn_000748,c_005,2024-02-08 06:32:21.395439582,19.24,m_014,electronics,GB,GB,True,0
txn_000749,c_023,2024-02-08 06:51:24.885687726,23.02,m_005,electronics,GB,GB,True,0
txn_000750,c_014,2024-02-08 08:27:02.436261023,155.65,m_018,grocery,IE,IE,True,0
txn_000751,c_021,2024-02-08 10:31:20.880147725,13.03,m_059,fuel,IE,IE,True,0
txn_000752,c_015,2024-02-08 11:14:26.518531718,57.38,m_028,fuel,GB,GB,True,0
txn_000753,c_038,2024-02-08 12:24:58.179760386,38.31,m_056,gambling,FR,FR,True,0
txn_000754,c_039,2024-02-08 13:01:58.221601079,14.1,m_014,gambling,GB,GB,False,0
txn_000755,c_035,2024-02-08 13:24:51.228198763,15.05,m_056,gambling,GB,GB,True,0
txn_000756,c_027,2024-02-08 16:52:10.344403144,57.02,m_047,gambling,FR,FR,True,0
txn_000757,c_023,2024-02-08 19:25:16.714327453,24.82,m_001,travel,GB,GB,True,0
txn_000758,c_026,2024-02-08 20:24:06.710823094,11.24,m_019,restaurant,GB,GB,True,0
txn_000759,c_001,2024-02-08 20:50:50.476375632,38.82,m_003,travel,US,GB,True,0
txn_000760,c_033,2024-02-08 21:12:55.958666590,79.9,m_039,gambling,GB,GB,True,0
txn_000761,c_010,2024-02-08 21:39:06.886011343,74.32,m_010,gambling,FR,FR,True,0
txn_000762,c_011,2024-02-08 21:42:23.273155565,198.85,m_048,travel,GB,GB,True,0
txn_000763,c_021,2024-02-09 00:22:56.196339095,45.54,m_025,gambling,IE,IE,False,0
txn_000764,c_024,2024-02-09 01:33:47.266873964,43.62,m_051,fuel,FR,FR,True,0
txn_000765,c_016,2024-02-09 02:36:50.167779884,33.58,m_047,gambling,GB,GB,True,0
txn_000766,c_031,2024-02-09 06:20:07.812660548,60.27,m_010,restaurant,IE,IE,True,0
txn_000767,c_031,2024-02-09 06:35:49.549793267,19.38,m_018,electronics,IE,IE,True,0
txn_000768,c_028,2024-02-09 07:10:54.045375562,172.12,m_054,fuel,BR,IE,True,0
txn_000769,c_023,2024-02-09 07:25:44.278116644,15.76,m_024,restaurant,GB,GB,True,0
txn_000770,c_012,2024-02-09 13:54:28.975332906,30.97,m_036,travel,GB,GB,True,0
txn_000771,c_013,2024-02-09 13:56:52.053616631,94.65,m_047,restaurant,GB,GB,True,0
txn_000772,c_002,2024-02-09 15:13:25.910508500,65.47,m_022,restaurant,IE,IE,False,0
txn_000773,c_030,2024-02-09 15:50:27.979175077,37.83,m_059,fuel,GB,GB,True,0
txn_000774,c_020,2024-02-09 17:07:53.359796636,80.65,m_007,grocery,GB,GB,True,0
txn_000775,c_039,2024-02-09 17:45:09.715586096,44.23,m_001,restaurant,GB,GB,True,0
txn_000776,c_005,2024-02-09 18:47:49.258469120,162.86,m_016,electronics,GB,GB,True,0
txn_000777,c_039,2024-02-09 18:53:24.227139818,53.52,m_027,gambling,GB,GB,False,0
txn_000778,c_024,2024-02-09 19:28:03.943245373,17.81,m_001,gambling,FR,FR,False,0
txn_000779,c_016,2024-02-09 20:05:52.015761643,42.39,m_033,gambling,GB,GB,True,0
txn_000780,c_007,2024-02-09 20:12:11.544876873,23.4,m_008,restaurant,GB,GB,True,0
txn_000781,c_013,2024-02-09 20:33:09.608489690,24.81,m_030,grocery,GB,GB,True,0
txn_000782,c_012,2024-02-09 21:56:21.443046242,3.9,m_001,gambling,GB,GB,True,0
txn_000783,c_000,2024-02-09 21:59:45.011293620,102.27,m_046,fuel,IE,IE,True,0
txn_000784,c_009,2024-02-09 22:07:10.083953302,117.67,m_023,electronics,GB,GB,True,0
txn_000785,c_018,2024-02-09 23:25:19.566499446,56.43,m_016,gambling,GB,GB,False,0
txn_000786,c_012,2024-02-10 00:27:13.887486306,347.53,m_015,grocery,GB,GB,True,0
txn_000787,c_024,2024-02-10 03:14:29.513083694,52.78,m_044,grocery,FR,FR,False,0
txn_000788,c_029,2024-02-10 05:29:22.718503161,34.77,m_028,gambling,GB,GB,True,0
txn_000789,c_016,2024-02-10 07:20:06.527083565,93.7,m_032,restaurant,GB,GB,False,0
txn_000790,c_019,2024-02-10 07:58:59.683933652,43.37,m_005,travel,GB,GB,False,0
txn_000791,c_014,2024-02-10 08:06:38.550522926,151.19,m_002,travel,IE,IE,True,0
txn_000792,c_037,2024-02-10 08:50:11.010830596,24.92,m_023,fuel,GB,GB,True,0
txn_000793,c_035,2024-02-10 11:35:42.562602365,41.3,m_014,restaurant,GB,GB,True,0
txn_000794,c_008,2024-02-10 14:54:26.641724369,27.63,m_039,gambling,GB,GB,True,0
txn_000795,c_010,2024-02-10 16:11:41.355476563,76.22,m_040,grocery,FR,FR,False,0
txn_000796,c_026,2024-02-10 19:03:36.377832970,32.85,m_035,gambling,GB,GB,True,0
txn_000797,c_037,2024-02-10 20:06:03.634004191,14.18,m_018,electronics,GB,GB,True,0
txn_000798,c_037,2024-02-10 22:50:55.931825256,52.45,m_051,gambling,GB,GB,True,0
txn_000799,c_002,2024-02-10 23:13:11.956067843,50.48,m_016,gambling,IE,IE,True,0
txn_000800,c_022,2024-02-10 23:59:12.756805421,17.59,m_023,gambling,GB,GB,True,0
txn_000818,c_019,2024-02-11 01:00:00.000000000,326.41,m_006,travel,RU,GB,True,1
txn_000801,c_033,2024-02-11 01:04:06.273561930,199.54,m_024,electronics,GB,GB,True,0
txn_000802,c_029,2024-02-11 01:17:51.138774809,22.93,m_014,gambling,GB,GB,True,0
txn_000803,c_023,2024-02-11 02:03:26.283045390,37.99,m_051,gambling,GB,GB,True,0
txn_000804,c_024,2024-02-11 02:57:23.786310095,24.41,m_050,restaurant,FR,FR,True,0
txn_000805,c_036,2024-02-11 04:50:34.460728986,31.64,m_034,travel,GB,GB,True,0
txn_000806,c_031,2024-02-11 05:22:17.323008995,55.25,m_027,restaurant,IE,IE,True,0
txn_000807,c_002,2024-02-11 05:52:35.606749835,13.76,m_047,grocery,IE,IE,True,0
txn_000808,c_021,2024-02-11 07:12:41.116987694,82.41,m_013,travel,IE,IE,True,0
txn_000809,c_001,2024-02-11 09:18:16.699231051,59.51,m_003,electronics,GB,GB,True,0
txn_000810,c_021,2024-02-11 09:28:38.220141738,47.32,m_049,grocery,IE,IE,True,0
txn_000811,c_018,2024-02-11 10:18:02.080073051,14.67,m_017,fuel,GB,GB,True,0
txn_000812,c_003,2024-02-11 10:46:51.688553813,110.55,m_003,grocery,GB,GB,True,0
txn_000813,c_032,2024-02-11 10:58:52.577861108,14.38,m_017,electronics,GB,GB,True,0
txn_000814,c_015,2024-02-11 11:33:11.703332108,73.11,m_012,electronics,GB,GB,False,0
txn_000815,c_009,2024-02-11 12:42:36.404365220,30.33,m_052,travel,GB,GB,True,0
txn_000816,c_038,2024-02-11 13:13:06.130243563,69.23,m_033,gambling,FR,FR,True,0
txn_000817,c_014,2024-02-11 13:55:42.083810515,126.94,m_039,grocery,IE,IE,True,0
txn_000819,c_028,2024-02-11 14:37:34.525692103,225.4,m_045,travel,IE,IE,True,0
txn_000820,c_023,2024-02-11 17:47:20.110977177,12.95,m_007,gambling,GB,GB,True,0
txn_000821,c_000,2024-02-11 19:54:31.265139422,74.48,m_036,gambling,IE,IE,True,0
txn_000822,c_029,2024-02-11 20:40:25.619596051,25.15,m_045,travel,GB,GB,False,0
txn_000823,c_032,2024-02-11 21:21:53.613101217,16.02,m_035,travel,GB,GB,True,0
txn_000824,c_023,2024-02-11 23:16:19.706669425,6.61,m_048,restaurant,GB,GB,True,0
txn_000825,c_022,2024-02-12 01:05:45.351730458,29.62,m_004,restaurant,GB,GB,True,0
txn_000826,c_038,2024-02-12 02:33:30.253203180,12.39,m_006,fuel,FR,FR,False,0
txn_000827,c_038,2024-02-12 04:04:24.676999748,51.65,m_003,gambling,FR,FR,True,0
txn_000828,c_018,2024-02-12 04:17:49.609245620,23.48,m_022,electronics,GB,GB,True,0
txn_000829,c_000,2024-02-12 06:16:09.332989274,63.68,m_059,electronics,IE,IE,False,0
txn_000830,c_010,2024-02-12 08:17:28.727052152,48.97,m_048,electronics,FR,FR,True,0
txn_000831,c_033,2024-02-12 08:27:51.495605956,66.25,m_001,fuel,GB,GB,True,0
txn_000832,c_008,2024-02-12 10:46:11.263864070,15.65,m_018,grocery,GB,GB,True,0
txn_000833,c_016,2024-02-12 11:17:16.834905966,97.92,m_021,electronics,GB,GB,True,0
txn_000834,c_033,2024-02-12 13:03:24.754433791,290.39,m_056,grocery,GB,GB,False,0
txn_000835,c_001,2024-02-12 14:18:50.647016149,77.8,m_052,electronics,GB,GB,True,0
txn_000836,c_010,2024-02-12 14:23:26.589351438,80.83,m_026,gambling,FR,FR,True,0
txn_000837,c_038,2024-02-12 14:27:26.917711467,36.03,m_045,electronics,FR,FR,True,0
txn_000838,c_031,2024-02-12 14:31:45.209382611,50.2,m_015,fuel,IE,IE,True,0
txn_000839,c_024,2024-02-12 15:04:36.347349287,669.21,m_020,travel,RO,FR,False,1
txn_000840,c_009,2024-02-12 15:28:13.023196004,176.65,m_034,travel,GB,GB,True,0
txn_000841,c_020,2024-02-12 16:13:15.856605640,92.22,m_048,fuel,GB,GB,True,0
txn_000842,c_002,2024-02-12 19:13:37.589066033,21.78,m_021,gambling,IE,IE,False,0
txn_000843,c_015,2024-02-12 19:38:50.539107047,15.36,m_013,gambling,GB,GB,True,0
txn_000844,c_017,2024-02-12 22:56:25.691753979,51.65,m_010,electronics,IE,IE,True,0
txn_000845,c_011,2024-02-12 23:32:28.385530638,552.79,m_042,electronics,GB,GB,False,1
txn_000846,c_001,2024-02-12 23:55:23.951297413,67.21,m_031,fuel,GB,GB,True,0
txn_000847,c_025,2024-02-13 00:04:51.502734680,69.18,m_028,restaurant,FR,FR,True,0
txn_000848,c_029,2024-02-13 02:46:08.219616233,43.65,m_008,fuel,GB,GB,True,0
txn_000849,c_012,2024-02-13 03:09:27.445515040,215.1,m_040,electronics,GB,GB,True,0
txn_000850,c_009,2024-02-13 04:00:11.994808469,83.88,m_014,restaurant,GB,GB,True,0
txn_000851,c_026,2024-02-13 04:33:12.389813467,41.69,m_003,travel,GB,GB,True,0
txn_000852,c_001,2024-02-13 04:41:57.324638308,6.34,m_042,grocery,GB,GB,True,0
txn_000853,c_000,2024-02-13 08:06:49.542196317,145.17,m_041,gambling,IE,IE,True,0
txn_000854,c_036,2024-02-13 09:26:06.641184417,4.09,m_014,grocery,GB,GB,True,0
txn_000855,c_000,2024-02-13 09:26:41.613347974,125.29,m_052,grocery,IE,IE,True,0
txn_000856,c_037,2024-02-13 10:51:09.674041906,81.77,m_044,restaurant,GB,GB,False,0
txn_000857,c_022,2024-02-13 12:24:10.418852168,11.62,m_034,electronics,GB,GB,True,0
txn_000858,c_009,2024-02-13 14:00:09.762167385,95.38,m_017,electronics,GB,GB,True,0
txn_000859,c_007,2024-02-13 15:05:05.469679850,7.99,m_050,grocery,GB,GB,True,0
txn_000860,c_004,2024-02-13 17:47:03.529120971,13.16,m_021,grocery,FR,FR,True,0
txn_000861,c_002,2024-02-13 18:05:10.830723441,36.37,m_028,grocery,IE,IE,True,0
txn_000862,c_017,2024-02-13 19:40:01.462582151,31.31,m_005,electronics,IE,IE,True,0
txn_000863,c_017,2024-02-13 21:17:34.999530582,62.94,m_033,fuel,IE,IE,False,0
txn_000864,c_034,2024-02-13 21:18:14.880478294,107.57,m_001,grocery,GB,GB,True,0
txn_000865,c_011,2024-02-13 21:25:33.552045406,63.77,m_038,fuel,GB,GB,True,0
txn_000866,c_032,2024-02-13 22:28:20.996309755,9.35,m_027,fuel,GB,GB,False,0
txn_000867,c_034,2024-02-14 00:56:16.925328503,213.98,m_027,grocery,GB,GB,True,0
txn_000868,c_007,2024-02-14 02:29:37.035980980,61.29,m_000,restaurant,GB,GB,True,0
txn_000869,c_017,2024-02-14 05:09:28.367894764,34.69,m_056,fuel,IE,IE,False,0
txn_000870,c_026,2024-02-14 05:14:17.558602494,85.9,m_033,restaurant,GB,GB,True,0
txn_000871,c_014,2024-02-14 07:31:22.323031181,70.71,m_010,gambling,IE,IE,True,0
txn_000872,c_007,2024-02-14 09:17:29.868252322,29.56,m_014,gambling,GB,GB,True,0
txn_000873,c_000,2024-02-14 09:24:46.853102202,18.9,m_019,restaurant,IE,IE,True,0
txn_000874,c_021,2024-02-14 10:02:35.294936105,22.31,m_039,electronics,IE,IE,True,0
txn_000875,c_030,2024-02-14 11:05:44.014079298,90.08,m_049,grocery,GB,GB,True,0
txn_000876,c_039,2024-02-14 11:29:52.792233775,17.02,m_045,electronics,GB,GB,True,0
txn_000877,c_006,2024-02-14 12:31:43.545259885,12.75,m_041,fuel,GB,GB,True,0
txn_000878,c_015,2024-02-14 15:39:11.345872017,77.39,m_058,restaurant,RO,GB,True,0
txn_000879,c_016,2024-02-14 16:00:40.665324369,146.57,m_041,travel,BR,GB,True,0
txn_000880,c_006,2024-02-14 18:52:09.767232892,29.89,m_023,fuel,GB,GB,True,0
txn_000881,c_003,2024-02-14 19:36:21.069659794,100.81,m_008,grocery,GB,GB,True,0
txn_000882,c_032,2024-02-14 20:50:00.077568911,95.27,m_045,grocery,NG,GB,True,0
txn_000883,c_030,2024-02-14 21:30:13.351995370,91.66,m_047,grocery,GB,GB,True,0
txn_000884,c_024,2024-02-14 23:57:22.864831090,122.94,m_032,restaurant,FR,FR,True,0
txn_000885,c_026,2024-02-15 05:18:47.001804851,7.94,m_009,electronics,GB,GB,True,0
txn_000886,c_028,2024-02-15 06:12:30.037030693,66.65,m_019,electronics,IE,IE,True,0
txn_000887,c_006,2024-02-15 07:27:56.186456651,37.67,m_030,restaurant,GB,GB,False,0
txn_000888,c_039,2024-02-15 08:07:37.482764136,53.3,m_027,restaurant,GB,GB,True,0
txn_000889,c_028,2024-02-15 09:06:22.234288560,51.77,m_048,fuel,IE,IE,True,0
txn_000890,c_007,2024-02-15 09:51:39.151593743,30.35,m_052,fuel,GB,GB,True,0
txn_000891,c_028,2024-02-15 10:35:52.216352368,258.28,m_017,electronics,RO,IE,True,0
txn_000892,c_003,2024-02-15 11:51:26.630567824,59.63,m_007,electronics,GB,GB,True,0
txn_000893,c_019,2024-02-15 14:51:35.926552044,64.84,m_044,gambling,GB,GB,False,0
txn_000894,c_024,2024-02-15 15:02:40.530032191,22.61,m_007,fuel,FR,FR,True,0
txn_000895,c_004,2024-02-15 15:54:17.880232079,33.8,m_052,electronics,FR,FR,True,0
txn_000896,c_022,2024-02-15 16:33:18.268677492,33.73,m_051,electronics,GB,GB,True,0
txn_000897,c_022,2024-02-15 18:27:16.100082514,65.53,m_016,fuel,GB,GB,True,0
txn_000898,c_017,2024-02-15 18:27:16.451372448,94.43,m_001,restaurant,NG,IE,True,0
txn_000899,c_027,2024-02-15 20:18:04.686989438,31.75,m_012,electronics,FR,FR,True,0
txn_000900,c_037,2024-02-15 21:16:09.507729530,65.71,m_057,gambling,GB,GB,True,0
txn_000901,c_017,2024-02-15 22:07:24.024346815,89.91,m_036,gambling,IE,IE,True,0
txn_000902,c_008,2024-02-15 23:31:47.360613877,40.94,m_031,travel,GB,GB,True,0
txn_000903,c_008,2024-02-16 02:26:30.835117602,16.85,m_004,gambling,GB,GB,True,0
txn_000904,c_027,2024-02-16 03:09:24.390746372,111.8,m_027,grocery,FR,FR,False,0
txn_000905,c_005,2024-02-16 04:19:18.056991357,126.54,m_048,restaurant,GB,GB,True,0
txn_000906,c_030,2024-02-16 06:37:47.363379182,9.42,m_022,grocery,GB,GB,True,0
txn_000907,c_035,2024-02-16 07:43:05.040105129,36.48,m_034,travel,GB,GB,True,0
txn_000908,c_026,2024-02-16 09:11:46.291124943,3.6,m_023,electronics,GB,GB,True,0
txn_000909,c_020,2024-02-16 09:24:54.462816707,20.53,m_053,restaurant,GB,GB,True,0
txn_000910,c_023,2024-02-16 09:43:21.326640909,51.24,m_050,grocery,GB,GB,True,0
txn_000911,c_010,2024-02-16 10:08:26.491793074,30.07,m_054,fuel,FR,FR,True,0
txn_000912,c_026,2024-02-16 10:14:51.679081290,26.49,m_042,gambling,GB,GB,True,0
txn_000913,c_033,2024-02-16 10:26:56.688612789,58.91,m_028,fuel,US,GB,True,0
txn_000914,c_007,2024-02-16 10:54:34.309146244,55.74,m_015,restaurant,GB,GB,True,0
txn_000915,c_027,2024-02-16 11:16:14.825213885,34.11,m_049,restaurant,FR,FR,True,0
txn_000916,c_006,2024-02-16 14:41:08.457809236,11.93,m_001,restaurant,GB,GB,True,0
txn_000917,c_036,2024-02-16 14:49:37.733213995,3.94,m_005,grocery,GB,GB,True,0
txn_000918,c_024,2024-02-16 15:04:03.125289001,63.0,m_011,travel,FR,FR,True,0
txn_000919,c_034,2024-02-16 15:09:03.414927960,81.61,m_023,grocery,GB,GB,False,0
txn_000920,c_024,2024-02-16 16:11:35.241583433,12.04,m_022,electronics,FR,FR,False,0
txn_000921,c_023,2024-02-16 16:24:15.483181669,13.38,m_048,grocery,GB,GB,True,0
txn_000922,c_004,2024-02-16 17:00:57.685841295,30.09,m_030,travel,FR,FR,False,0
txn_000923,c_011,2024-02-16 17:28:08.520436133,47.69,m_001,electronics,GB,GB,True,0
txn_000924,c_020,2024-02-16 18:01:30.941175636,37.49,m_030,grocery,GB,GB,True,0
txn_000925,c_005,2024-02-16 21:02:08.188849325,40.55,m_006,restaurant,GB,GB,True,0
txn_000926,c_024,2024-02-16 21:39:56.697425338,119.53,m_045,travel,FR,FR,True,0
txn_000927,c_014,2024-02-16 23:50:35.183837673,66.84,m_004,gambling,IE,IE,False,0
txn_000928,c_025,2024-02-17 00:21:47.575137239,33.47,m_027,travel,FR,FR,True,0
txn_000929,c_033,2024-02-17 00:33:38.207491782,32.94,m_043,gambling,GB,GB,True,0
txn_000930,c_031,2024-02-17 00:45:58.999987063,46.2,m_017,travel,IE,IE,True,0
txn_000931,c_023,2024-02-17 02:18:14.480681692,25.99,m_003,gambling,GB,GB,True,0
txn_000932,c_013,2024-02-17 02:25:03.110941983,18.88,m_052,electronics,GB,GB,True,0
txn_000933,c_006,2024-02-17 02:39:58.387400706,28.32,m_028,electronics,GB,GB,True,0
txn_000934,c_026,2024-02-17 03:22:34.221991115,73.47,m_046,electronics,GB,GB,True,0
txn_000935,c_022,2024-02-17 05:54:12.656397675,17.05,m_001,gambling,GB,GB,True,0
txn_000936,c_038,2024-02-17 06:46:58.167860906,10.76,m_052,grocery,FR,FR,True,0
txn_000937,c_013,2024-02-17 08:23:12.825432101,52.36,m_040,fuel,GB,GB,True,0
txn_000938,c_017,2024-02-17 11:30:03.204634435,103.28,m_026,electronics,IE,IE,True,0
txn_000939,c_034,2024-02-17 11:47:42.014083504,62.28,m_011,gambling,GB,GB,True,0
txn_000940,c_002,2024-02-17 12:53:09.797417513,35.66,m_043,restaurant,IE,IE,False,0
txn_000941,c_026,2024-02-17 13:55:00.552765961,35.23,m_059,travel,GB,GB,True,0
txn_000942,c_036,2024-02-17 13:55:07.417452225,11.18,m_041,grocery,GB,GB,True,0
txn_000943,c_031,2024-02-17 14:48:12.302459088,28.78,m_011,travel,IE,IE,True,0
txn_000944,c_027,2024-02-17 18:13:49.854973050,14.42,m_034,restaurant,FR,FR,True,0
txn_000945,c_011,2024-02-17 19:37:10.942027402,8.37,m_058,fuel,GB,GB,True,0
txn_000946,c_000,2024-02-17 22:56:17.107438994,78.07,m_035,grocery,NG,IE,True,0
txn_000947,c_011,2024-02-18 00:07:14.500678417,23.01,m_053,gambling,GB,GB,True,0
txn_000948,c_032,2024-02-18 01:12:33.497540824,88.95,m_006,fuel,GB,GB,True,0
txn_000949,c_003,2024-02-18 03:24:46.167672097,52.27,m_051,electronics,GB,GB,True,0
txn_000950,c_038,2024-02-18 04:42:39.830181992,34.06,m_035,electronics,FR,FR,False,0
txn_000951,c_023,2024-02-18 05:32:38.471046400,26.43,m_037,restaurant,GB,GB,True,0
txn_000952,c_012,2024-02-18 06:06:05.499453288,129.95,m_021,travel,GB,GB,True,0
txn_000953,c_034,2024-02-18 06:07:37.762805847,18.41,m_033,restaurant,GB,GB,True,0
txn_000954,c_018,2024-02-18 06:25:43.037631592,11.33,m_007,grocery,GB,GB,True,0
txn_000955,c_023,2024-02-18 08:10:26.957608223,21.29,m_049,fuel,GB,GB,True,0
txn_000956,c_016,2024-02-18 08:15:09.732748514,123.34,m_036,gambling,GB,GB,True,0
txn_000957,c_023,2024-02-18 10:38:05.406926827,57.24,m_022,grocery,GB,GB,True,0
txn_000958,c_014,2024-02-18 11:56:25.165571934,579.68,m_005,electronics,IE,IE,True,0
txn_000959,c_011,2024-02-18 13:51:06.474741066,48.37,m_046,gambling,GB,GB,True,0
txn_000960,c_006,2024-02-18 15:17:38.849599072,14.1,m_058,gambling,GB,GB,True,0
txn_000961,c_015,2024-02-18 16:36:11.648827427,36.2,m_019,grocery,GB,GB,True,0
txn_000962,c_014,2024-02-18 17:50:48.460847338,46.54,m_045,electronics,IE,IE,True,0
txn_000963,c_004,2024-02-18 20:08:53.719205284,87.45,m_053,gambling,FR,FR,True,0
txn_000964,c_004,2024-02-18 20:59:09.696623703,24.41,m_054,electronics,FR,FR,True,0
txn_000965,c_000,2024-02-18 21:02:00.608059614,126.43,m_059,grocery,IE,IE,True,0
txn_000966,c_020,2024-02-18 22:28:03.252905861,67.42,m_023,fuel,GB,GB,False,0
txn_000967,c_010,2024-02-18 23:35:15.310374990,30.67,m_002,fuel,FR,FR,True,0
txn_000968,c_037,2024-02-18 23:39:00.128604947,13.29,m_027,restaurant,GB,GB,True,0
txn_000969,c_028,2024-02-18 23:39:56.831617963,70.14,m_055,gambling,IE,IE,True,0
txn_000970,c_034,2024-02-19 01:40:42.128885589,58.57,m_023,travel,GB,GB,True,0
txn_000980,c_032,2024-02-19 02:00:00.000000000,585.12,m_039,gambling,US,GB,False,1
txn_000971,c_022,2024-02-19 02:11:43.937418910,49.84,m_017,restaurant,GB,GB,True,0
txn_000972,c_017,2024-02-19 03:34:28.347041640,38.48,m_047,restaurant,IE,IE,True,0
txn_000973,c_033,2024-02-19 03:40:27.110138415,114.57,m_039,fuel,GB,GB,True,0
txn_000974,c_011,2024-02-19 03:59:25.581699938,27.01,m_050,electronics,NG,GB,True,0
txn_000975,c_024,2024-02-19 04:44:02.261473970,33.05,m_010,grocery,FR,FR,False,0
txn_000976,c_000,2024-02-19 05:25:01.690932441,104.82,m_039,restaurant,IE,IE,True,0
txn_000977,c_032,2024-02-19 07:56:06.813938996,26.46,m_037,gambling,GB,GB,True,0
txn_000978,c_014,2024-02-19 09:32:05.025701665,155.24,m_027,restaurant,IE,IE,True,0
txn_000979,c_031,2024-02-19 10:20:14.387562845,46.47,m_057,electronics,IE,IE,True,0
txn_000981,c_026,2024-02-19 17:18:38.738183726,23.71,m_041,gambling,GB,GB,True,0
txn_000982,c_039,2024-02-19 17:57:16.809692649,68.38,m_003,fuel,GB,GB,True,0
txn_000983,c_034,2024-02-19 18:39:01.878096757,242.28,m_038,restaurant,GB,GB,True,0
txn_000984,c_017,2024-02-19 19:31:08.385744014,128.37,m_017,grocery,IE,IE,True,0
txn_000985,c_030,2024-02-19 20:03:24.172308814,42.67,m_049,electronics,GB,GB,True,0
txn_000986,c_016,2024-02-19 20:56:40.524805969,30.12,m_021,gambling,GB,GB,False,0
txn_000987,c_022,2024-02-19 21:57:48.686396714,54.21,m_000,grocery,GB,GB,True,0
txn_000988,c_039,2024-02-19 22:32:52.783191276,25.02,m_029,fuel,GB,GB,True,0
txn_000989,c_006,2024-02-19 22:37:35.543444964,31.39,m_026,grocery,GB,GB,True,0
txn_001004,c_007,2024-02-20 03:00:00.000000000,1295.71,m_057,electronics,GB,GB,False,1
txn_000990,c_025,2024-02-20 04:36:03.961130077,22.68,m_003,gambling,FR,FR,True,0
txn_000991,c_027,2024-02-20 05:56:39.706636250,12.14,m_029,restaurant,FR,FR,True,0
txn_000992,c_000,2024-02-20 06:06:23.424178044,231.67,m_001,travel,IE,IE,True,0
txn_000993,c_000,2024-02-20 08:34:28.913825668,9.9,m_046,restaurant,IE,IE,True,0
txn_000994,c_011,2024-02-20 09:00:19.461418618,87.28,m_009,gambling,GB,GB,True,0
txn_000995,c_005,2024-02-20 10:53:53.819610398,43.32,m_009,gambling,GB,GB,True,0
txn_000996,c_030,2024-02-20 11:27:51.447601473,53.33,m_030,electronics,GB,GB,False,0
txn_000997,c_015,2024-02-20 12:51:47.324305446,49.56,m_008,electronics,GB,GB,True,0
txn_000998,c_016,2024-02-20 13:49:01.415717515,124.99,m_032,electronics,GB,GB,True,0
txn_000999,c_018,2024-02-20 14:11:08.231211776,9.53,m_037,fuel,GB,GB,True,0
txn_001000,c_019,2024-02-20 15:01:41.615961122,80.46,m_033,restaurant,GB,GB,True,0
txn_001001,c_006,2024-02-20 15:21:11.063733319,16.34,m_004,restaurant,GB,GB,True,0
txn_001002,c_006,2024-02-20 16:18:20.798780024,15.1,m_026,electronics,GB,GB,True,0
txn_001003,c_028,2024-02-20 16:21:40.516021956,135.13,m_030,fuel,IE,IE,True,0
txn_001005,c_021,2024-02-20 19:02:50.807113865,37.16,m_032,fuel,IE,IE,True,0
txn_001006,c_031,2024-02-20 20:30:04.536887888,35.61,m_003,restaurant,IE,IE,True,0
txn_001007,c_012,2024-02-20 20:36:18.549131378,20.74,m_054,grocery,GB,GB,True,0
txn_001008,c_038,2024-02-20 20:55:52.573450942,19.07,m_045,electronics,FR,FR,True,0
txn_001009,c_023,2024-02-20 22:03:00.616180022,25.87,m_023,fuel,GB,GB,True,0
txn_001010,c_028,2024-02-21 00:56:21.313150712,98.25,m_018,restaurant,IE,IE,False,0
txn_001011,c_005,2024-02-21 01:33:14.423517990,82.35,m_018,fuel,GB,GB,True,0
txn_001012,c_004,2024-02-21 02:19:54.687908228,53.99,m_008,travel,FR,FR,True,0
txn_001013,c_019,2024-02-21 03:01:38.049727750,94.3,m_033,gambling,GB,GB,True,0
txn_001014,c_029,2024-02-21 03:10:41.403541999,5.93,m_032,travel,GB,GB,True,0
txn_001015,c_014,2024-02-21 04:08:33.565193842,158.82,m_038,travel,IE,IE,True,0
txn_001016,c_001,2024-02-21 05:02:50.068653774,100.21,m_058,gambling,GB,GB,True,0
txn_001017,c_007,2024-02-21 07:05:04.418894243,25.01,m_035,travel,GB,GB,True,0
txn_001018,c_038,2024-02-21 08:39:12.353705321,8.12,m_021,gambling,FR,FR,True,0
txn_001019,c_019,2024-02-21 08:41:26.068380362,32.58,m_004,restaurant,GB,GB,True,0
txn_001020,c_001,2024-02-21 08:55:22.512300993,60.81,m_042,travel,GB,GB,True,0
txn_001021,c_004,2024-02-21 09:31:57.749794839,24.87,m_017,restaurant,FR,FR,True,0
txn_001022,c_028,2024-02-21 10:48:31.800645479,73.76,m_001,electronics,IE,IE,True,0
txn_001023,c_017,2024-02-21 11:49:29.483798499,138.32,m_041,fuel,RO,IE,True,0
txn_001024,c_014,2024-02-21 12:23:35.333604821,157.09,m_016,travel,IE,IE,True,0
txn_001025,c_008,2024-02-21 13:31:21.091750188,9.03,m_052,gambling,GB,GB,True,0
txn_001026,c_007,2024-02-21 14:07:04.936264438,53.85,m_028,grocery,GB,GB,False,0
txn_001027,c_039,2024-02-21 15:10:51.316740657,39.01,m_014,grocery,GB,GB,True,0
txn_001028,c_021,2024-02-21 15:37:43.392457383,58.5,m_011,grocery,IE,IE,True,0
txn_001029,c_014,2024-02-21 17:59:54.569116233,23.61,m_019,fuel,IE,IE,True,0
txn_001030,c_005,2024-02-21 18:50:04.753042992,100.32,m_027,travel,GB,GB,True,0
txn_001031,c_004,2024-02-21 18:51:26.392389303,16.16,m_033,grocery,FR,FR,True,0
txn_001032,c_026,2024-02-21 22:40:44.065559571,63.14,m_043,electronics,RO,GB,True,0
txn_001033,c_031,2024-02-21 22:48:41.932377055,22.57,m_046,grocery,IE,IE,True,0
txn_001034,c_011,2024-02-22 00:55:46.523926714,37.6,m_019,fuel,GB,GB,True,0
txn_001035,c_008,2024-02-22 01:49:31.224839928,4.81,m_002,gambling,GB,GB,True,0
txn_001036,c_014,2024-02-22 03:45:07.020515467,378.25,m_046,electronics,BR,IE,True,0
txn_001037,c_037,2024-02-22 04:04:03.272926334,9.98,m_020,gambling,GB,GB,True,0
txn_001038,c_016,2024-02-22 04:30:28.575175296,263.26,m_055,electronics,GB,GB,True,0
txn_001039,c_032,2024-02-22 06:31:22.158511016,63.45,m_059,travel,GB,GB,False,0
txn_001040,c_037,2024-02-22 07:12:04.864208798,45.94,m_023,gambling,GB,GB,True,0
txn_001041,c_021,2024-02-22 08:11:14.747656933,16.03,m_046,gambling,IE,IE,True,0
txn_001042,c_026,2024-02-22 09:44:56.194437259,44.06,m_026,electronics,GB,GB,False,0
txn_001043,c_033,2024-02-22 12:16:45.872568249,51.81,m_039,grocery,GB,GB,True,0
txn_001044,c_004,2024-02-22 12:33:17.683003036,20.47,m_027,electronics,FR,FR,False,0
txn_001045,c_001,2024-02-22 14:13:20.537128392,108.95,m_035,restaurant,GB,GB,True,0
txn_001046,c_012,2024-02-22 14:24:59.315980963,111.85,m_002,grocery,GB,GB,True,0
txn_001047,c_013,2024-02-22 15:26:54.058706088,69.71,m_028,fuel,GB,GB,True,0
txn_001048,c_032,2024-02-22 17:30:39.908090810,80.17,m_004,grocery,GB,GB,True,0
txn_001049,c_024,2024-02-22 19:59:51.543479165,45.17,m_003,grocery,FR,FR,True,0
txn_001050,c_032,2024-02-22 20:07:54.903138505,33.33,m_032,fuel,RU,GB,True,0
txn_001051,c_021,2024-02-22 20:51:57.751071873,60.33,m_047,gambling,IE,IE,True,0
txn_001052,c_017,2024-02-23 00:50:40.830828597,32.01,m_051,restaurant,IE,IE,False,0
txn_001053,c_021,2024-02-23 00:59:18.995186293,38.65,m_057,electronics,IE,IE,True,0
txn_001054,c_011,2024-02-23 01:17:52.000470827,22.72,m_055,electronics,GB,GB,True,0
txn_001055,c_026,2024-02-23 03:11:55.601931490,28.95,m_027,restaurant,GB,GB,True,0
txn_001056,c_004,2024-02-23 04:08:18.859853666,12.29,m_047,travel,FR,FR,False,0
txn_001057,c_029,2024-02-23 04:37:22.002809837,27.17,m_052,grocery,GB,GB,True,0
txn_001058,c_014,2024-02-23 06:03:09.153713674,72.74,m_015,grocery,IE,IE,True,0
txn_001059,c_035,2024-02-23 07:30:14.304895360,113.58,m_010,grocery,GB,GB,True,0
txn_001060,c_016,2024-02-23 08:04:31.795563861,137.31,m_031,restaurant,GB,GB,True,0
txn_001061,c_030,2024-02-23 09:18:57.230930727,143.48,m_041,restaurant,GB,GB,True,0
txn_001062,c_023,2024-02-23 12:37:00.815248318,58.33,m_039,fuel,GB,GB,True,0
txn_001063,c_032,2024-02-23 13:41:25.046282118,75.17,m_013,fuel,GB,GB,True,0
txn_001064,c_036,2024-02-23 13:46:19.793452209,13.54,m_029,gambling,GB,GB,True,0
txn_001065,c_004,2024-02-23 14:35:13.603907972,22.94,m_021,fuel,FR,FR,False,0
txn_001066,c_032,2024-02-23 15:17:05.920629039,85.25,m_049,electronics,GB,GB,True,0
txn_001067,c_029,2024-02-23 17:33:57.346492254,27.36,m_038,travel,GB,GB,True,0
txn_001068,c_010,2024-02-23 17:34:42.587953685,38.72,m_041,restaurant,FR,FR,True,0
txn_001069,c_022,2024-02-23 20:16:19.990041171,28.69,m_002,travel,GB,GB,True,0
txn_001070,c_033,2024-02-23 20:46:37.076561579,74.88,m_054,grocery,GB,GB,True,0
txn_001071,c_027,2024-02-23 22:32:02.355663651,50.48,m_038,restaurant,FR,FR,True,0
txn_001072,c_017,2024-02-24 00:07:09.857257400,97.95,m_045,restaurant,IE,IE,True,0
txn_001073,c_002,2024-02-24 01:12:05.930123721,12.48,m_053,grocery,IE,IE,True,0
txn_001074,c_037,2024-02-24 03:17:16.996009829,108.08,m_049,travel,NG,GB,True,0
txn_001075,c_019,2024-02-24 03:33:56.788851811,64.87,m_011,fuel,GB,GB,True,0
txn_001076,c_013,2024-02-24 04:01:18.274910732,52.15,m_036,travel,GB,GB,True,0
txn_001078,c_027,2024-02-24 05:00:00.000000000,571.98,m_033,electronics,RO,FR,False,1
txn_001077,c_029,2024-02-24 06:35:33.540719030,8.03,m_013,gambling,GB,GB,True,0
txn_001079,c_001,2024-02-24 10:21:42.442783289,52.52,m_026,travel,GB,GB,True,0
txn_001080,c_022,2024-02-24 10:24:11.734773734,41.54,m_006,travel,GB,GB,True,0
txn_001081,c_014,2024-02-24 10:54:28.869147636,129.65,m_038,fuel,IE,IE,True,0
txn_001082,c_008,2024-02-24 11:15:48.690004504,20.84,m_036,restaurant,GB,GB,True,0
txn_001083,c_001,2024-02-24 12:23:18.953137976,18.29,m_054,grocery,GB,GB,True,0
txn_001084,c_026,2024-02-24 12:59:48.585580048,35.82,m_049,travel,GB,GB,True,0
txn_001085,c_027,2024-02-24 13:08:22.689619817,66.79,m_000,travel,FR,FR,True,0
txn_001086,c_024,2024-02-24 13:58:41.261890744,18.44,m_016,gambling,FR,FR,True,0
txn_001087,c_027,2024-02-24 15:06:57.015134235,14.06,m_035,grocery,FR,FR,True,0
txn_001088,c_008,2024-02-24 15:47:21.827212551,17.13,m_019,restaurant,GB,GB,True,0
txn_001089,c_016,2024-02-24 15:54:31.871008840,306.86,m_033,electronics,GB,GB,True,0
txn_001090,c_032,2024-02-24 16:07:43.148971115,30.58,m_013,fuel,GB,GB,False,0
txn_001091,c_003,2024-02-24 16:15:17.648979465,31.42,m_024,fuel,GB,GB,True,0
txn_001092,c_001,2024-02-24 16:30:10.181907975,11.21,m_017,restaurant,GB,GB,True,0
txn_001093,c_011,2024-02-24 17:26:19.258179977,14.39,m_026,grocery,GB,GB,True,0
txn_001094,c_008,2024-02-24 18:32:57.461131490,10.4,m_007,electronics,GB,GB,True,0
txn_001095,c_003,2024-02-24 18:45:42.108498034,60.05,m_057,fuel,GB,GB,True,0
txn_001096,c_028,2024-02-24 21:30:55.267673739,164.93,m_027,travel,RU,IE,True,0
txn_001097,c_026,2024-02-24 22:34:30.132462495,74.14,m_039,electronics,GB,GB,True,0
txn_001098,c_019,2024-02-24 23:02:14.146546377,47.36,m_002,gambling,GB,GB,True,0
txn_001099,c_020,2024-02-25 00:44:05.986807677,31.15,m_019,travel,GB,GB,True,0
txn_001103,c_039,2024-02-25 04:00:00.000000000,194.95,m_003,gambling,NG,GB,False,1
txn_001100,c_000,2024-02-25 05:17:00.673122489,136.64,m_038,gambling,IE,IE,True,0
txn_001101,c_034,2024-02-25 05:58:17.447469735,14.39,m_053,restaurant,GB,GB,True,0
txn_001102,c_012,2024-02-25 06:50:45.821118258,439.01,m_002,restaurant,GB,GB,True,0
txn_001104,c_017,2024-02-25 07:14:26.776599716,89.12,m_046,electronics,IE,IE,True,0
txn_001105,c_024,2024-02-25 07:56:33.854855101,57.57,m_021,travel,FR,FR,True,0
txn_001106,c_013,2024-02-25 09:58:53.360405453,53.99,m_019,gambling,GB,GB,True,0
txn_001107,c_038,2024-02-25 10:21:08.609387660,60.42,m_011,gambling,FR,FR,False,0
txn_001108,c_030,2024-02-25 12:28:20.744150559,110.69,m_037,travel,GB,GB,True,0
txn_001109,c_039,2024-02-25 13:42:02.640202028,144.18,m_040,fuel,GB,GB,True,0
txn_001110,c_037,2024-02-25 14:45:16.618299404,27.26,m_003,grocery,GB,GB,True,0
txn_001111,c_014,2024-02-25 16:46:27.478296936,19.8,m_046,fuel,IE,IE,True,0
txn_001112,c_038,2024-02-25 17:02:38.536842850,15.3,m_013,electronics,FR,FR,True,0
txn_001113,c_001,2024-02-25 18:31:13.058313540,30.08,m_056,travel,GB,GB,False,0
txn_001114,c_019,2024-02-25 19:09:14.697029156,98.11,m_019,fuel,GB,GB,True,0
txn_001115,c_036,2024-02-25 20:01:51.754527484,15.13,m_027,grocery,GB,GB,True,0
txn_001116,c_002,2024-02-25 20:09:03.056459666,55.06,m_032,fuel,IE,IE,True,0
txn_001117,c_032,2024-02-25 20:17:27.434520696,109.88,m_031,gambling,GB,GB,True,0
txn_001118,c_036,2024-02-25 22:15:38.662651495,25.66,m_037,fuel,GB,GB,True,0
txn_001119,c_000,2024-02-25 22:24:22.358676181,117.73,m_047,grocery,IE,IE,True,0
txn_001120,c_023,2024-02-25 22:32:18.560668891,28.32,m_008,grocery,GB,GB,False,0
txn_001121,c_006,2024-02-25 22:39:42.591064387,52.57,m_022,gambling,GB,GB,True,0
txn_001122,c_009,2024-02-26 01:53:28.781972861,50.71,m_029,restaurant,GB,GB,True,0
txn_001138,c_036,2024-02-26 02:00:00.000000000,1155.12,m_034,electronics,GB,GB,False,1
txn_001131,c_004,2024-02-26 02:00:00.000000000,969.16,m_035,gambling,BR,FR,False,1
txn_001123,c_004,2024-02-26 02:21:48.145105142,35.84,m_050,gambling,FR,FR,True,0
txn_001124,c_020,2024-02-26 03:12:41.950580657,80.8,m_020,grocery,GB,GB,True,0
txn_001125,c_009,2024-02-26 03:35:18.456576076,137.39,m_027,gambling,GB,GB,True,0
txn_001126,c_000,2024-02-26 04:21:44.060566601,23.04,m_056,fuel,IE,IE,True,0
txn_001127,c_001,2024-02-26 07:06:01.751561416,212.7,m_016,restaurant,GB,GB,False,0
txn_001128,c_035,2024-02-26 07:30:08.697488440,61.59,m_033,fuel,GB,GB,False,0
txn_001129,c_033,2024-02-26 09:17:40.826799449,39.6,m_055,restaurant,GB,GB,True,0
txn_001130,c_029,2024-02-26 10:05:36.436122940,16.86,m_045,electronics,GB,GB,True,0
txn_001132,c_033,2024-02-26 11:23:33.095467080,276.59,m_026,electronics,GB,GB,False,0
txn_001133,c_000,2024-02-26 12:08:15.418244209,10.38,m_038,electronics,IE,IE,True,0
txn_001134,c_008,2024-02-26 13:19:53.322076987,29.98,m_002,travel,GB,GB,False,0
txn_001135,c_019,2024-02-26 16:59:38.382341444,87.21,m_012,electronics,GB,GB,True,0
txn_001136,c_027,2024-02-26 19:08:06.486855662,26.01,m_031,grocery,FR,FR,True,0
txn_001137,c_012,2024-02-26 20:40:06.081462567,166.17,m_003,grocery,GB,GB,True,0
txn_001139,c_007,2024-02-26 23:18:14.232133180,25.83,m_018,grocery,GB,GB,True,0
txn_001140,c_029,2024-02-27 02:42:05.614204424,5.52,m_059,gambling,GB,GB,True,0
txn_001161,c_008,2024-02-27 04:00:00.000000000,216.89,m_031,gambling,BR,GB,False,1
txn_001141,c_029,2024-02-27 04:05:52.153753584,21.65,m_056,travel,GB,GB,True,0
txn_001142,c_014,2024-02-27 05:23:28.588341441,120.41,m_006,travel,IE,IE,True,0
txn_001143,c_009,2024-02-27 05:42:24.899611183,63.27,m_021,restaurant,GB,GB,True,0
txn_001144,c_016,2024-02-27 05:51:02.130482803,79.6,m_021,grocery,GB,GB,True,0
txn_001145,c_036,2024-02-27 07:23:58.648868863,11.21,m_026,grocery,GB,GB,True,0
txn_001146,c_032,2024-02-27 08:26:28.499200745,17.86,m_020,travel,GB,GB,True,0
txn_001147,c_005,2024-02-27 08:40:24.793138182,125.86,m_013,electronics,GB,GB,True,0
txn_001148,c_022,2024-02-27 09:49:10.875492665,7.2,m_036,grocery,GB,GB,True,0
txn_001149,c_006,2024-02-27 10:41:12.319522565,43.5,m_054,electronics,GB,GB,True,0
txn_001150,c_008,2024-02-27 12:07:54.740526391,25.86,m_018,restaurant,GB,GB,True,0
txn_001151,c_021,2024-02-27 12:10:04.992562076,19.59,m_037,travel,IE,IE,True,0
txn_001152,c_036,2024-02-27 12:15:44.678223399,13.2,m_036,restaurant,GB,GB,True,0
txn_001153,c_034,2024-02-27 12:49:48.825891338,45.91,m_017,electronics,GB,GB,True,0
txn_001154,c_005,2024-02-27 13:41:39.409794251,53.56,m_025,fuel,GB,GB,True,0
txn_001155,c_002,2024-02-27 17:23:12.922741539,23.63,m_046,electronics,IE,IE,True,0
txn_001156,c_008,2024-02-27 17:50:48.686644690,32.44,m_001,fuel,GB,GB,True,0
txn_001157,c_027,2024-02-27 19:23:08.746909373,16.99,m_043,restaurant,FR,FR,True,0
txn_001158,c_002,2024-02-27 21:00:55.677363547,23.04,m_021,fuel,IE,IE,True,0
txn_001159,c_015,2024-02-27 21:16:02.291881328,35.83,m_006,grocery,GB,GB,True,0
txn_001160,c_025,2024-02-27 21:49:13.342758396,96.31,m_049,electronics,FR,FR,True,0
txn_001162,c_012,2024-02-28 02:07:35.809871051,32.74,m_041,electronics,GB,GB,True,0
txn_001163,c_024,2024-02-28 02:59:44.674113871,27.83,m_007,electronics,FR,FR,True,0
txn_001164,c_028,2024-02-28 03:40:20.750222683,154.69,m_048,travel,IE,IE,True,0
txn_001165,c_034,2024-02-28 05:22:17.334910781,130.6,m_010,gambling,GB,GB,True,0
txn_001166,c_015,2024-02-28 05:39:45.350314193,42.45,m_011,grocery,GB,GB,True,0
txn_001167,c_022,2024-02-28 09:48:22.883301537,6.18,m_019,restaurant,GB,GB,True,0
txn_001168,c_005,2024-02-28 10:09:18.353586281,59.12,m_025,electronics,GB,GB,True,0
txn_001169,c_032,2024-02-28 10:56:45.125240245,13.3,m_055,grocery,GB,GB,False,0
txn_001170,c_006,2024-02-28 11:14:26.592192924,6.29,m_047,restaurant,GB,GB,True,0
txn_001171,c_038,2024-02-28 11:24:36.584515614,94.04,m_032,grocery,FR,FR,True,0
txn_001172,c_019,2024-02-28 12:50:41.937698748,115.32,m_017,fuel,GB,GB,True,0
txn_001173,c_012,2024-02-28 15:25:42.765910383,112.38,m_050,travel,GB,GB,True,0
txn_001174,c_015,2024-02-28 20:11:33.694231741,66.79,m_052,grocery,GB,GB,True,0
txn_001175,c_035,2024-02-28 20:16:19.414567775,5.8,m_000,travel,RO,GB,True,0
txn_001176,c_003,2024-02-29 00:23:06.271270373,49.39,m_002,grocery,GB,GB,True,0
txn_001177,c_038,2024-02-29 00:44:12.618366189,26.09,m_010,electronics,FR,FR,False,0
txn_001178,c_006,2024-02-29 01:44:28.895362983,10.56,m_010,restaurant,GB,GB,True,0
txn_001179,c_007,2024-02-29 03:47:16.633564764,43.0,m_031,restaurant,GB,GB,True,0
txn_001180,c_007,2024-02-29 03:58:16.505687379,9.86,m_009,restaurant,GB,GB,True,0
txn_001181,c_039,2024-02-29 04:00:21.925589479,33.43,m_041,travel,GB,GB,False,0
txn_001182,c_032,2024-02-29 04:48:29.616540670,27.74,m_045,fuel,GB,GB,True,0
txn_001183,c_027,2024-02-29 05:14:07.023454067,50.93,m_020,grocery,FR,FR,True,0
txn_001184,c_032,2024-02-29 05:50:12.801544270,60.15,m_028,travel,GB,GB,True,0
txn_001185,c_006,2024-02-29 09:25:55.536129521,29.33,m_059,restaurant,GB,GB,True,0
txn_001186,c_019,2024-02-29 09:31:48.177220779,101.86,m_013,grocery,GB,GB,True,0
txn_001187,c_003,2024-02-29 11:07:06.815862911,53.75,m_009,gambling,GB,GB,False,0
txn_001188,c_029,2024-02-29 14:53:36.663662721,12.47,m_052,restaurant,GB,GB,True,0
txn_001189,c_012,2024-02-29 15:10:32.340421380,143.49,m_058,fuel,GB,GB,True,0
txn_001190,c_004,2024-02-29 16:23:04.351200178,19.65,m_019,restaurant,FR,FR,True,0
txn_001191,c_002,2024-02-29 16:38:20.453835163,24.02,m_018,gambling,IE,IE,True,0
txn_001192,c_019,2024-02-29 16:48:34.384762106,99.3,m_059,restaurant,GB,GB,True,0
txn_001193,c_024,2024-02-29 16:52:25.145520839,18.95,m_023,grocery,FR,FR,True,0
txn_001194,c_031,2024-02-29 18:11:02.875837041,18.33,m_053,gambling,IE,IE,True,0
txn_001195,c_015,2024-02-29 20:01:01.657522567,35.49,m_035,gambling,GB,GB,True,0
txn_001196,c_024,2024-02-29 20:18:19.129093455,74.1,m_047,gambling,FR,FR,False,0
txn_001197,c_007,2024-02-29 20:24:16.115005660,16.28,m_029,fuel,GB,GB,True,0
txn_001198,c_032,2024-02-29 22:39:36.500066138,10.17,m_008,fuel,GB,GB,False,0
txn_001199,c_007,2024-02-29 23:00:08.215110904,33.83,m_042,gambling,GB,GB,True,0
